outcome,week_end,age_group,unvaccinated_rate,vaccinated_rate,boosted_rate,crude_vaccinated_ratio,crude_boosted_ratio,population_unvaccinated,population_vaccinated,population_boosted,outcome_unvaccinated,outcome_vaccinated,outcome_boosted,age_group_min,age_group_max
Deaths,2022-10-01,All,0.3,0.1,0.9,3.0,0.3,591822,842535.0,1037067.0,2,1.0,9.0,999,999
Deaths,2023-02-04,50-64,2.9,0.8,0.4,3.6,7.2,34169,125516.0,246849.0,1,1.0,1.0,50,64
Deaths,2022-04-09,18-29,0.0,0.0,0.0,0.0,0.0,98229,219416.0,147442.0,0,0.0,0.0,18,29
Hospitalizations,2021-12-04,30-49,37.7,3.8,0.0,9.9,0.0,185523,469462.0,103054.0,70,18.0,0.0,30,49
Cases,2021-05-15,30-49,171.7,14.1,0.0,12.2,0.0,338871,332283.0,0.0,582,47.0,0.0,30,49
Hospitalizations,2021-08-21,80+,34.6,15.1,0.0,2.3,0.0,31765,52936.0,0.0,11,8.0,0.0,80,200
Hospitalizations,2022-12-31,All,17.1,8.7,12.8,2.0,1.3,555407,853931.0,1040154.0,95,74.0,133.0,999,999
Hospitalizations,2023-05-06,All,3.3,1.3,2.4,2.5,1.4,537432,860338.0,1040639.0,18,11.0,25.0,999,999
Deaths,2021-07-24,80+,0.0,0.0,0.0,0.0,0.0,32759,52117.0,0.0,0,0.0,0.0,80,200
Cases,2022-01-22,65-79,582.4,416.6,253.6,1.4,2.3,50480,66009.0,141953.0,294,275.0,360.0,65,79
Cases,2021-05-29,All,63.9,6.8,0.0,9.4,0.0,1302037,1094752.0,0.0,832,74.0,0.0,999,999
Cases,2022-08-20,50-64,422.0,150.5,180.5,2.8,2.3,40519,126270.0,244938.0,171,190.0,442.0,50,64
Hospitalizations,2021-12-04,All,34.9,9.6,3.6,3.6,9.7,864337,1287028.0,333146.0,302,123.0,12.0,999,999
Deaths,2022-01-22,30-49,3.3,0.6,0.0,5.5,0.0,149571,332274.0,256937.0,5,2.0,0.0,30,49
Cases,2023-07-01,All,10.5,5.5,10.5,1.9,1.0,532370,860333.0,1040733.0,56,47.0,109.0,999,999
Hospitalizations,2022-06-04,50-64,30.4,6.8,5.1,4.5,6.0,42758,131758.0,237215.0,13,9.0,12.0,50,64
Hospitalizations,2022-12-17,65-79,63.5,41.5,31.5,1.5,2.0,40932,43361.0,171648.0,26,18.0,54.0,65,79
Deaths,2021-07-31,65-79,8.6,0.0,0.0,0.0,0.0,69459,192009.0,0.0,6,0.0,0.0,65,79
Deaths,2022-12-10,All,0.4,0.1,0.3,4.0,1.3,560620,851689.0,1039873.0,2,1.0,3.0,999,999
Hospitalizations,2022-01-29,30-49,25.4,11.3,3.3,2.2,7.7,145400,318707.0,273200.0,37,36.0,9.0,30,49
Deaths,2023-03-04,30-49,0.0,0.4,0.3,0.0,0.0,110600,277895.0,347260.0,0,1.0,1.0,30,49
Hospitalizations,2022-06-25,All,12.7,7.3,8.8,1.7,1.4,635698,868337.0,988583.0,81,63.0,87.0,999,999
Hospitalizations,2022-10-01,50-64,10.3,3.2,4.9,3.2,2.1,39014,125154.0,246575.0,4,4.0,12.0,50,64
Hospitalizations,2022-09-17,80+,19.2,87.9,46.8,0.2,0.4,26096,11381.0,47028.0,5,10.0,22.0,80,200
Deaths,2021-12-18,30-49,3.4,0.5,0.0,6.8,0.0,176574,429933.0,147317.0,6,2.0,0.0,30,49
Deaths,2023-11-04,65-79,2.6,0.0,0.6,0.0,4.3,37857,44044.0,172280.0,1,0.0,1.0,65,79
Cases,2023-02-18,65-79,129.6,126.7,106.6,1.0,1.2,40129,43398.0,171695.0,52,55.0,183.0,65,79
Hospitalizations,2023-07-29,All,1.9,1.2,2.5,1.6,0.8,530107,860315.0,1040772.0,10,10.0,26.0,999,999
Hospitalizations,2023-09-09,50-64,0.0,6.4,3.2,0.0,0.0,32271,125723.0,246940.0,0,8.0,8.0,50,64
Cases,2021-10-09,65-79,92.7,41.3,0.0,2.2,0.0,61521,191460.0,0.0,57,79.0,0.0,65,79
Hospitalizations,2022-04-02,65-79,8.3,9.7,1.3,0.9,6.4,48452,51564.0,159143.0,4,5.0,2.0,65,79
Hospitalizations,2022-02-26,50-64,12.8,5.5,3.2,2.3,4.0,46700,145752.0,217214.0,6,8.0,7.0,50,64
Cases,2021-05-01,All,200.5,20.6,0.0,9.7,0.0,1471355,709078.0,0.0,2950,146.0,0.0,999,999
Cases,2023-12-02,80+,83.7,102.9,143.5,0.8,0.6,23883,11658.0,47387.0,20,12.0,68.0,80,200
Cases,2022-12-24,65-79,215.7,156.8,225.4,1.4,1.0,40797,43362.0,171663.0,88,68.0,387.0,65,79
Hospitalizations,2023-08-19,All,5.5,1.3,4.0,4.2,1.4,528293,860304.0,1040794.0,29,11.0,42.0,999,999
Cases,2023-02-18,80+,81.0,219.7,218.6,0.4,0.4,24700,11377.0,47122.0,20,25.0,103.0,80,200
Hospitalizations,2022-06-18,30-49,19.5,3.9,4.7,5.0,4.1,128401,281885.0,338011.0,25,11.0,16.0,30,49
Hospitalizations,2023-05-27,50-64,6.1,0.8,1.6,7.6,3.8,32906,125743.0,246912.0,2,1.0,4.0,50,64
Deaths,2023-10-28,50-64,0.0,0.8,0.0,0.0,0.0,30857,125795.0,247425.0,0,1.0,0.0,50,64
Hospitalizations,2023-07-22,65-79,10.2,2.3,4.1,4.4,2.5,39318,43421.0,171748.0,4,1.0,7.0,65,79
Deaths,2023-08-12,50-64,0.0,0.0,0.0,0.0,0.0,32441,125727.0,246935.0,0,0.0,0.0,50,64
Deaths,2023-08-26,65-79,2.6,0.0,0.0,0.0,0.0,39187,43414.0,171755.0,1,0.0,0.0,65,79
Hospitalizations,2022-03-26,80+,3.7,14.2,7.0,0.3,0.5,27071,14053.0,43109.0,1,2.0,3.0,80,200
Deaths,2021-10-30,All,1.3,0.6,0.0,2.2,0.0,968843,1483650.0,92473.0,13,9.0,0.0,999,999
Hospitalizations,2022-11-19,30-49,16.4,2.5,2.6,6.6,6.3,115941,276754.0,347089.0,19,7.0,9.0,30,49
Deaths,2021-09-11,18-29,0.0,0.0,0.0,0.0,0.0,185405,298401.0,0.0,0,0.0,0.0,18,29
Deaths,2022-02-05,50-64,28.7,5.7,0.5,5.0,57.4,48776,157818.0,201587.0,14,9.0,1.0,50,64
Hospitalizations,2023-09-23,30-49,9.4,0.7,0.6,13.4,15.7,106401,278395.0,347328.0,10,2.0,2.0,30,49
Cases,2023-07-29,50-64,46.1,22.3,27.5,2.1,1.7,32542,125729.0,246933.0,15,28.0,68.0,50,64
Cases,2023-08-05,50-64,67.7,13.5,27.5,5.0,2.5,32496,125728.0,246934.0,22,17.0,68.0,50,64
Cases,2021-12-18,18-29,1706.3,970.4,1042.6,1.8,1.6,143348,288118.0,46808.0,2446,2796.0,488.0,18,29
Cases,2023-03-04,65-79,127.4,108.3,115.3,1.2,1.1,40040,43409.0,171702.0,51,47.0,198.0,65,79
Hospitalizations,2021-12-04,50-64,112.1,12.9,3.8,8.7,29.5,64234,270486.0,79047.0,72,35.0,3.0,50,64
Cases,2022-03-26,30-49,73.6,44.2,112.4,1.7,0.7,133230,291909.0,322847.0,98,129.0,363.0,30,49
Cases,2023-04-29,50-64,114.5,31.0,36.5,3.7,3.1,33180,125733.0,246904.0,38,39.0,90.0,50,64
Deaths,2021-11-13,80+,13.6,9.9,0.0,1.4,0.0,29306,40458.0,14603.0,4,4.0,0.0,80,200
Hospitalizations,2023-02-25,18-29,5.2,0.9,1.2,5.8,4.3,76945,213529.0,161651.0,4,2.0,2.0,18,29
Deaths,2022-02-19,All,2.8,1.0,0.8,2.8,3.5,677481,910869.0,868745.0,19,9.0,7.0,999,999
Cases,2023-08-05,30-49,34.4,15.1,23.9,2.3,1.4,107409,278402.0,347313.0,37,42.0,83.0,30,49
Cases,2021-10-09,All,143.6,52.3,0.0,2.7,0.0,998664,1519169.0,0.0,1434,794.0,0.0,999,999
Hospitalizations,2022-02-26,All,6.4,3.1,3.8,2.1,1.7,671890,908056.0,888098.0,43,28.0,34.0,999,999
Deaths,2022-04-09,30-49,0.0,0.0,0.0,0.0,0.0,132219,289629.0,326607.0,0,0.0,0.0,30,49
Cases,2021-06-26,50-64,16.1,5.4,0.0,3.0,0.0,111605,294901.0,0.0,18,16.0,0.0,50,64
Hospitalizations,2022-07-02,50-64,31.0,10.0,7.5,3.1,4.1,41916,129677.0,240221.0,13,13.0,18.0,50,64
Cases,2023-07-22,18-29,39.2,5.6,10.5,7.0,3.7,73902,214135.0,161709.0,29,12.0,17.0,18,29
Hospitalizations,2021-09-11,80+,60.8,22.6,0.0,2.7,0.0,31257,53008.0,0.0,19,12.0,0.0,80,200
Cases,2023-10-21,80+,41.3,69.7,108.1,0.6,0.4,24189,11483.0,47191.0,10,8.0,51.0,80,200
Deaths,2022-07-23,65-79,2.2,2.2,0.6,1.0,3.7,46080,45341.0,168622.0,1,1.0,1.0,65,79
Deaths,2022-07-30,30-49,1.6,0.0,0.0,0.0,0.0,126589,278749.0,342597.0,2,0.0,0.0,30,49
Deaths,2023-04-15,50-64,0.0,0.0,0.0,0.0,0.0,33349,125709.0,246898.0,0,0.0,0.0,50,64
Hospitalizations,2023-06-03,50-64,6.1,0.8,0.8,7.6,7.6,32855,125745.0,246913.0,2,1.0,2.0,50,64
Deaths,2023-03-25,18-29,0.0,0.0,0.0,0.0,0.0,76243,213785.0,161673.0,0,0.0,0.0,18,29
Cases,2023-05-20,80+,36.6,8.8,42.4,4.2,0.9,24557,11384.0,47128.0,9,1.0,20.0,80,200
Cases,2022-04-30,30-49,219.1,136.2,326.1,1.6,0.7,130975,287056.0,330602.0,287,391.0,1078.0,30,49
Cases,2021-08-07,18-29,250.0,102.2,0.0,2.4,0.0,206013,282729.0,0.0,515,289.0,0.0,18,29
Cases,2022-11-05,65-79,175.0,131.6,120.7,1.3,1.4,42281,43326.0,171562.0,74,57.0,207.0,65,79
Cases,2023-07-08,80+,4.1,17.6,33.9,0.2,0.1,24498,11383.0,47130.0,1,2.0,16.0,80,200
Cases,2023-09-30,65-79,61.7,62.2,55.9,1.0,1.1,38891,43410.0,171762.0,24,27.0,96.0,65,79
Cases,2022-09-17,30-49,168.7,65.6,110.1,2.6,1.5,123875,275892.0,346825.0,209,181.0,382.0,30,49
Deaths,2022-07-23,18-29,0.0,0.0,0.0,0.0,0.0,92731,213642.0,157475.0,0,0.0,0.0,18,29
Deaths,2022-01-08,18-29,0.8,0.4,0.0,2.0,0.0,128651,256042.0,83774.0,1,1.0,0.0,18,29
Hospitalizations,2023-02-04,50-64,14.6,6.4,8.5,2.3,1.7,34169,125516.0,246849.0,5,8.0,21.0,50,64
Hospitalizations,2022-11-26,All,14.3,6.2,10.0,2.3,1.4,565402,850149.0,1039743.0,81,53.0,104.0,999,999
Deaths,2023-01-07,30-49,0.0,0.0,0.3,0.0,0.0,112744,277305.0,347207.0,0,0.0,1.0,30,49
Cases,2021-08-21,18-29,274.7,104.6,0.0,2.6,0.0,197658,288634.0,0.0,543,302.0,0.0,18,29
Deaths,2023-09-23,All,0.4,0.0,0.2,0.0,2.0,525521,860278.0,1040840.0,2,0.0,2.0,999,999
Deaths,2022-08-20,80+,11.4,17.3,6.4,0.7,1.8,26236,11583.0,46759.0,3,2.0,3.0,80,200
Deaths,2022-04-16,50-64,4.5,0.0,0.0,0.0,0.0,44596,136888.0,229793.0,2,0.0,0.0,50,64
Hospitalizations,2023-08-05,18-29,1.4,0.5,0.0,2.8,0.0,73686,214134.0,161713.0,1,1.0,0.0,18,29
Hospitalizations,2021-11-06,30-49,13.5,1.1,0.0,12.3,0.0,199928,527699.0,31898.0,27,6.0,0.0,30,49
Cases,2021-10-02,All,158.9,56.5,0.0,2.8,0.0,1009399,1510653.0,0.0,1604,853.0,0.0,999,999
Cases,2022-01-08,30-49,2614.0,1690.1,1349.3,1.5,1.9,161589,361224.0,223160.0,4224,6105.0,3011.0,30,49
Deaths,2021-07-03,50-64,1.8,0.0,0.0,0.0,0.0,109144,300501.0,0.0,2,0.0,0.0,50,64
Cases,2022-05-28,65-79,169.9,181.4,220.3,0.9,0.8,47077,47959.0,164773.0,80,87.0,363.0,65,79
Deaths,2022-05-07,65-79,2.1,2.0,0.0,1.0,0.0,47611,49260.0,162746.0,1,1.0,0.0,65,79
Deaths,2022-01-08,50-64,43.8,7.2,0.6,6.1,73.0,54811,194317.0,160841.0,24,14.0,1.0,50,64
Deaths,2023-05-27,50-64,0.0,0.0,0.0,0.0,0.0,32906,125743.0,246912.0,0,0.0,0.0,50,64
Hospitalizations,2023-10-21,30-49,2.9,1.1,0.9,2.6,3.2,103249,278946.0,347858.0,3,3.0,3.0,30,49
Hospitalizations,2022-10-29,18-29,7.1,0.5,2.5,14.2,2.8,84477,212127.0,161526.0,6,1.0,4.0,18,29
Deaths,2022-11-05,80+,4.0,8.8,2.1,0.5,1.9,25236,11367.0,47086.0,1,1.0,1.0,80,200
Deaths,2021-06-26,80+,3.0,0.0,0.0,0.0,0.0,33591,50911.0,0.0,1,0.0,0.0,80,200
Hospitalizations,2022-02-05,18-29,6.5,2.2,0.8,3.0,8.1,108394,225478.0,122651.0,7,5.0,1.0,18,29
Hospitalizations,2023-10-14,65-79,26.0,16.1,12.2,1.6,2.1,38416,43494.0,171905.0,10,7.0,21.0,65,79
Deaths,2023-04-08,65-79,0.0,0.0,0.0,0.0,0.0,39837,43431.0,171716.0,0,0.0,0.0,65,79
Cases,2021-11-20,80+,106.8,179.0,16.3,0.6,6.6,29022,36868.0,18401.0,31,66.0,3.0,80,200
Hospitalizations,2021-08-14,18-29,9.4,0.4,0.0,23.5,0.0,201742,285632.0,0.0,19,1.0,0.0,18,29
Deaths,2021-06-19,All,1.2,0.2,0.0,6.0,0.0,1238489,1241729.0,0.0,15,2.0,0.0,999,999
Cases,2021-06-19,18-29,21.5,3.7,0.0,5.8,0.0,232120,245040.0,0.0,50,9.0,0.0,18,29
Cases,2023-01-28,All,121.4,74.1,87.0,1.6,1.4,549564,855718.0,1040296.0,667,634.0,905.0,999,999
Deaths,2023-03-11,All,0.2,0.2,0.0,1.0,0.0,543537,858035.0,1040472.0,1,2.0,0.0,999,999
Hospitalizations,2023-06-10,80+,8.2,0.0,8.5,0.0,1.0,24522,11383.0,47130.0,2,0.0,4.0,80,200
Cases,2021-05-01,18-29,241.2,21.3,0.0,11.3,0.0,284798,107854.0,0.0,687,23.0,0.0,18,29
Deaths,2021-10-02,All,3.0,0.3,0.0,10.0,0.0,1009399,1510653.0,0.0,30,5.0,0.0,999,999
Deaths,2022-07-09,80+,7.6,8.3,4.3,0.9,1.8,26425,12088.0,46042.0,2,1.0,2.0,80,200
Hospitalizations,2021-12-11,All,37.1,10.3,2.9,3.6,12.8,847199,1247588.0,380994.0,314,129.0,11.0,999,999
Hospitalizations,2021-10-09,80+,32.8,15.3,0.0,2.1,0.0,30481,52266.0,0.0,10,8.0,0.0,80,200
Hospitalizations,2022-12-24,65-79,34.3,25.4,26.8,1.4,1.3,40797,43362.0,171663.0,14,11.0,46.0,65,79
Cases,2023-04-08,80+,28.4,96.6,106.1,0.3,0.3,24622,11383.0,47126.0,7,11.0,50.0,80,200
Cases,2021-06-26,30-49,24.2,5.0,0.0,4.8,0.0,289323,463639.0,0.0,70,23.0,0.0,30,49
Cases,2022-03-05,50-64,71.2,26.4,31.4,2.7,2.3,46352,143917.0,219986.0,33,38.0,69.0,50,64
Cases,2022-03-12,18-29,58.7,19.5,56.3,3.0,1.0,100487,221043.0,142046.0,59,43.0,80.0,18,29
Hospitalizations,2021-10-02,30-49,17.4,0.6,0.0,29.0,0.0,218778,533019.0,0.0,38,3.0,0.0,30,49
Hospitalizations,2022-07-23,80+,49.3,117.2,47.6,0.4,1.0,26357,11946.0,46252.0,13,14.0,22.0,80,200
Cases,2023-02-18,30-49,127.9,62.3,81.8,2.1,1.6,110993,277757.0,347252.0,142,173.0,284.0,30,49
Hospitalizations,2022-04-30,65-79,23.1,14.1,8.6,1.6,2.7,47714,49691.0,162052.0,11,7.0,14.0,65,79
Hospitalizations,2022-04-30,18-29,3.1,2.3,2.0,1.3,1.6,96979,218010.0,150062.0,3,5.0,3.0,18,29
Hospitalizations,2022-07-02,18-29,5.3,4.2,1.3,1.3,4.1,93769,214617.0,155854.0,5,9.0,2.0,18,29
Hospitalizations,2021-07-17,80+,12.1,0.0,0.0,0.0,0.0,33027,51912.0,0.0,4,0.0,0.0,80,200
Cases,2022-09-10,All,167.8,88.8,134.1,1.9,1.3,602393,841160.0,1033881.0,1011,747.0,1386.0,999,999
Cases,2022-06-11,18-29,329.7,139.6,302.8,2.4,1.1,94634,215581.0,154206.0,312,301.0,467.0,18,29
Deaths,2021-11-27,65-79,17.9,3.3,0.0,5.4,0.0,55747,122640.0,81384.0,10,4.0,0.0,65,79
Deaths,2022-12-24,50-64,2.9,0.0,0.0,0.0,0.0,35058,125409.0,246789.0,1,0.0,0.0,50,64
Cases,2022-01-22,30-49,690.6,420.1,451.1,1.6,1.5,149571,332274.0,256937.0,1033,1396.0,1159.0,30,49
Cases,2022-06-25,50-64,432.4,159.9,237.1,2.7,1.8,42094,130098.0,239606.0,182,208.0,568.0,50,64
Hospitalizations,2022-04-16,18-29,6.1,2.3,0.0,2.7,0.0,97780,218922.0,148408.0,6,5.0,0.0,18,29
Cases,2022-06-04,18-29,390.5,144.0,341.8,2.7,1.1,94995,215928.0,153584.0,371,311.0,525.0,18,29
Cases,2022-01-08,50-64,3690.9,1569.6,1102.3,2.4,3.3,54811,194317.0,160841.0,2023,3050.0,1773.0,50,64
Deaths,2021-09-25,30-49,4.0,0.2,0.0,20.0,0.0,223214,528608.0,0.0,9,1.0,0.0,30,49
Hospitalizations,2021-09-11,65-79,35.6,9.3,0.0,3.8,0.0,64570,194208.0,0.0,23,18.0,0.0,65,79
Hospitalizations,2021-06-12,30-49,8.7,0.0,0.0,0.0,0.0,300339,438852.0,0.0,26,0.0,0.0,30,49
Hospitalizations,2022-03-05,80+,18.4,20.6,11.8,0.9,1.6,27168,14574.0,42437.0,5,3.0,5.0,80,200
Deaths,2023-04-15,All,0.0,0.0,0.3,0.0,0.0,539653,859628.0,1040581.0,0,0.0,3.0,999,999
Deaths,2021-08-14,18-29,0.0,0.0,0.0,0.0,0.0,201742,285632.0,0.0,0,0.0,0.0,18,29
Cases,2021-09-11,30-49,238.1,78.9,0.0,3.0,0.0,232678,520775.0,0.0,554,411.0,0.0,30,49
Cases,2021-08-14,18-29,282.0,127.8,0.0,2.2,0.0,201742,285632.0,0.0,569,365.0,0.0,18,29
Cases,2023-01-21,65-79,153.6,103.7,132.8,1.5,1.2,40373,43379.0,171682.0,62,45.0,228.0,65,79
Hospitalizations,2022-10-08,80+,38.9,70.3,42.5,0.6,0.9,25733,11377.0,47048.0,10,8.0,20.0,80,200
Cases,2022-03-05,80+,25.8,41.2,33.0,0.6,0.8,27168,14574.0,42437.0,7,6.0,14.0,80,200
Hospitalizations,2022-11-12,30-49,13.7,2.2,2.9,6.2,4.7,116651,276645.0,347072.0,16,6.0,10.0,30,49
Hospitalizations,2021-10-16,65-79,32.9,8.7,0.0,3.8,0.0,60852,182996.0,0.0,20,16.0,0.0,65,79
Deaths,2023-11-18,80+,0.0,0.0,0.0,0.0,0.0,23945,11637.0,47321.0,0,0.0,0.0,80,200
Hospitalizations,2023-10-07,All,4.4,2.1,3.8,2.1,1.2,522040,860669.0,1041205.0,23,18.0,40.0,999,999
Cases,2021-10-30,18-29,156.7,55.8,12.6,2.8,12.4,165307,313568.0,7958.0,259,175.0,1.0,18,29
Hospitalizations,2021-12-18,80+,141.6,80.2,6.4,1.8,22.1,28242,24945.0,31019.0,40,20.0,2.0,80,200
Hospitalizations,2023-02-11,18-29,7.8,2.3,2.5,3.4,3.1,77378,213351.0,161644.0,6,5.0,4.0,18,29
Hospitalizations,2022-07-30,30-49,8.7,5.4,4.7,1.6,1.9,126589,278749.0,342597.0,11,15.0,16.0,30,49
Hospitalizations,2022-08-20,All,15.6,7.9,8.6,2.0,1.8,608684,846709.0,1022491.0,95,67.0,88.0,999,999
Hospitalizations,2022-08-13,18-29,9.8,4.2,2.5,2.3,3.9,91761,212510.0,159319.0,9,9.0,4.0,18,29
Hospitalizations,2022-10-22,All,9.8,4.1,8.6,2.4,1.1,580379,845220.0,1038858.0,57,35.0,89.0,999,999
Deaths,2023-07-29,80+,0.0,0.0,2.1,0.0,0.0,24479,11383.0,47130.0,0,0.0,1.0,80,200
Hospitalizations,2022-04-23,30-49,5.3,2.1,1.2,2.5,4.4,131359,287869.0,329404.0,7,6.0,4.0,30,49
Deaths,2021-10-16,65-79,11.5,1.1,0.0,10.5,0.0,60852,182996.0,0.0,7,2.0,0.0,65,79
Hospitalizations,2023-09-23,50-64,21.8,8.0,4.5,2.7,4.8,32105,125718.0,246945.0,7,10.0,11.0,50,64
Cases,2023-08-12,30-49,47.5,16.5,24.2,2.9,2.0,107297,278401.0,347314.0,51,46.0,84.0,30,49
Hospitalizations,2022-03-12,50-64,6.5,2.8,3.1,2.3,2.1,46039,142268.0,222350.0,3,4.0,7.0,50,64
Cases,2023-06-03,50-64,42.6,7.2,21.5,5.9,2.0,32855,125745.0,246913.0,14,9.0,53.0,50,64
Cases,2022-07-23,65-79,269.1,222.8,228.3,1.2,1.2,46080,45341.0,168622.0,124,101.0,385.0,65,79
Deaths,2022-07-09,All,0.3,0.1,0.6,3.0,0.5,627781,862137.0,997177.0,2,1.0,6.0,999,999
Hospitalizations,2023-09-09,All,4.7,2.9,6.5,1.6,0.7,526704,860292.0,1040817.0,25,25.0,68.0,999,999
Deaths,2021-09-11,65-79,10.8,2.1,0.0,5.1,0.0,64570,194208.0,0.0,7,4.0,0.0,65,79
Cases,2021-08-14,80+,71.8,47.4,0.0,1.5,0.0,32042,52760.0,0.0,23,25.0,0.0,80,200
Hospitalizations,2022-11-26,65-79,57.7,46.1,18.1,1.3,3.2,41575,43350.0,171612.0,24,20.0,31.0,65,79
Deaths,2021-08-14,65-79,10.3,0.0,0.0,0.0,0.0,67653,193586.0,0.0,7,0.0,0.0,65,79
Hospitalizations,2022-09-17,30-49,12.1,2.9,3.2,4.2,3.8,123875,275892.0,346825.0,15,8.0,11.0,30,49
Hospitalizations,2023-01-21,18-29,10.2,1.9,1.2,5.4,8.5,78128,213123.0,161635.0,8,4.0,2.0,18,29
Deaths,2022-10-15,80+,19.5,0.0,0.0,0.0,0.0,25625,11373.0,47058.0,5,0.0,0.0,80,200
Cases,2023-07-15,30-49,13.9,10.1,13.5,1.4,1.0,107746,278401.0,347311.0,15,28.0,47.0,30,49
Deaths,2022-09-24,All,0.2,0.2,0.4,1.0,0.5,595648,841554.0,1036367.0,1,2.0,4.0,999,999
Cases,2021-06-26,80+,8.9,2.0,0.0,4.4,0.0,33591,50911.0,0.0,3,1.0,0.0,80,200
Cases,2022-08-20,30-49,236.3,110.7,187.1,2.1,1.3,125684,277226.0,344772.0,297,307.0,645.0,30,49
Deaths,2021-08-07,50-64,3.1,0.0,0.0,0.0,0.0,96770,316026.0,0.0,3,0.0,0.0,50,64
Cases,2022-01-08,18-29,2593.8,1568.9,1486.1,1.7,1.7,128651,256042.0,83774.0,3337,4017.0,1245.0,18,29
Hospitalizations,2023-09-23,18-29,5.5,0.5,0.6,11.0,9.2,72891,214123.0,161728.0,4,1.0,1.0,18,29
Deaths,2023-02-11,50-64,0.0,0.0,0.4,0.0,0.0,34058,125536.0,246859.0,0,0.0,1.0,50,64
Hospitalizations,2023-09-02,50-64,18.6,3.2,3.2,5.8,5.8,32314,125722.0,246940.0,6,4.0,8.0,50,64
Hospitalizations,2022-02-26,80+,18.4,47.2,7.1,0.4,2.6,27200,14818.0,42125.0,5,7.0,3.0,80,200
Hospitalizations,2022-03-19,80+,11.1,28.2,9.3,0.4,1.2,27097,14172.0,42943.0,3,4.0,4.0,80,200
Cases,2023-01-14,65-79,205.2,124.5,142.7,1.6,1.4,40444,43375.0,171679.0,83,54.0,245.0,65,79
Hospitalizations,2022-02-19,18-29,3.9,1.4,0.8,2.8,4.9,103609,221200.0,133301.0,4,3.0,1.0,18,29
Cases,2021-11-06,All,183.3,73.4,24.9,2.5,7.4,953486,1465628.0,120427.0,1748,1076.0,30.0,999,999
Cases,2022-11-19,30-49,186.3,82.7,104.0,2.3,1.8,115941,276754.0,347089.0,216,229.0,361.0,30,49
Hospitalizations,2021-04-10,30-49,17.6,1.6,0.0,11.0,0.0,455598,123661.0,0.0,80,2.0,0.0,30,49
Cases,2022-06-11,50-64,423.6,155.6,238.1,2.7,1.8,42493,131079.0,238179.0,180,204.0,567.0,50,64
Deaths,2021-09-25,All,2.6,0.3,0.0,8.7,0.0,1021435,1498444.0,0.0,27,5.0,0.0,999,999
Deaths,2021-12-18,50-64,26.4,1.2,0.0,22.0,0.0,60515,241221.0,110556.0,16,3.0,0.0,50,64
Deaths,2023-07-08,50-64,0.0,0.0,0.0,0.0,0.0,32640,125730.0,246931.0,0,0.0,0.0,50,64
Deaths,2022-06-11,50-64,0.0,0.0,0.0,0.0,0.0,42493,131079.0,238179.0,0,0.0,0.0,50,64
Hospitalizations,2022-04-02,All,2.7,1.6,1.3,1.7,2.1,657870,901409.0,932489.0,18,14.0,12.0,999,999
Deaths,2022-12-10,80+,8.0,0.0,2.1,0.0,3.8,24925,11373.0,47104.0,2,0.0,1.0,80,200
Deaths,2022-08-27,18-29,0.0,0.5,0.0,0.0,0.0,91147,211921.0,160373.0,0,1.0,0.0,18,29
Deaths,2022-05-28,65-79,2.1,0.0,0.0,0.0,0.0,47077,47959.0,164773.0,1,0.0,0.0,65,79
Deaths,2021-09-25,50-64,7.4,0.3,0.0,24.7,0.0,80946,328443.0,0.0,6,1.0,0.0,50,64
Deaths,2023-04-15,30-49,0.0,0.0,0.0,0.0,0.0,109559,278257.0,347286.0,0,0.0,0.0,30,49
Cases,2022-08-06,30-49,312.0,163.2,238.8,1.9,1.3,126294,278159.0,343405.0,394,454.0,820.0,30,49
Cases,2023-11-11,18-29,79.9,20.4,16.0,3.9,5.0,68798,215294.0,162511.0,55,44.0,26.0,18,29
Deaths,2021-04-24,18-29,0.3,0.0,0.0,0.0,0.0,301150,85550.0,0.0,1,0.0,0.0,18,29
Deaths,2022-11-12,50-64,0.0,0.8,0.0,0.0,0.0,36564,125287.0,246697.0,0,1.0,0.0,50,64
Hospitalizations,2022-03-19,50-64,10.9,2.8,0.4,3.9,27.2,45704,140906.0,224298.0,5,4.0,1.0,50,64
Cases,2021-04-17,65-79,125.0,20.9,0.0,6.0,0.0,94416,124678.0,0.0,118,26.0,0.0,65,79
Cases,2022-01-01,80+,1063.3,1662.4,638.4,0.6,1.7,27932,20693.0,35560.0,297,344.0,227.0,80,200
Deaths,2023-01-28,30-49,0.0,0.0,0.0,0.0,0.0,111793,277548.0,347231.0,0,0.0,0.0,30,49
Deaths,2022-05-07,50-64,0.0,0.0,0.4,0.0,0.0,43830,134524.0,233206.0,0,0.0,1.0,50,64
Hospitalizations,2021-06-19,30-49,4.1,0.2,0.0,20.5,0.0,294504,450450.0,0.0,12,1.0,0.0,30,49
Cases,2023-07-01,18-29,6.7,5.1,11.1,1.3,0.6,74266,214137.0,161703.0,5,11.0,18.0,18,29
Deaths,2023-03-18,65-79,0.0,0.0,1.2,0.0,0.0,39970,43416.0,171710.0,0,0.0,2.0,65,79
Deaths,2021-12-18,65-79,35.5,7.4,0.0,4.8,0.0,53484,94857.0,110903.0,19,7.0,0.0,65,79
Cases,2022-05-28,All,304.4,214.4,333.7,1.4,0.9,643200,881598.0,969242.0,1958,1890.0,3234.0,999,999
Hospitalizations,2022-01-22,65-79,176.3,121.2,30.3,1.5,5.8,50480,66009.0,141953.0,89,80.0,43.0,65,79
Deaths,2021-12-25,80+,67.7,35.3,3.0,1.9,22.6,28067,22679.0,33427.0,19,8.0,1.0,80,200
Cases,2022-09-17,18-29,167.0,53.0,108.4,3.2,1.5,89805,211472.0,161406.0,150,112.0,175.0,18,29
Deaths,2022-07-02,80+,3.8,8.2,2.2,0.5,1.7,26451,12179.0,45911.0,1,1.0,1.0,80,200
Hospitalizations,2023-05-13,18-29,2.7,0.0,0.0,0.0,0.0,75158,214134.0,161690.0,2,0.0,0.0,18,29
Deaths,2023-02-04,65-79,2.5,0.0,0.6,0.0,4.2,40248,43385.0,171692.0,1,0.0,1.0,65,79
Deaths,2021-05-15,30-49,0.9,0.0,0.0,0.0,0.0,338871,332283.0,0.0,3,0.0,0.0,30,49
Cases,2021-06-05,65-79,36.6,6.7,0.0,5.5,0.0,76606,179075.0,0.0,28,12.0,0.0,65,79
Cases,2023-09-16,30-49,44.0,29.1,34.3,1.5,1.3,106807,278395.0,347325.0,47,81.0,119.0,30,49
Deaths,2023-06-03,18-29,0.0,0.0,0.0,0.0,0.0,74734,214134.0,161695.0,0,0.0,0.0,18,29
Hospitalizations,2022-01-22,80+,279.3,286.1,69.2,1.0,4.0,27573,17479.0,39032.0,77,50.0,27.0,80,200
Hospitalizations,2021-04-10,All,17.6,3.0,0.0,5.9,0.0,1707958,396727.0,0.0,300,12.0,0.0,999,999
Hospitalizations,2023-07-01,50-64,9.2,0.0,0.4,0.0,23.0,32676,125733.0,246928.0,3,0.0,1.0,50,64
Hospitalizations,2022-05-28,50-64,20.9,10.6,8.9,2.0,2.3,42974,132464.0,236190.0,9,14.0,21.0,50,64
Cases,2022-11-05,50-64,333.4,90.2,124.9,3.7,2.7,36895,125268.0,246677.0,123,113.0,308.0,50,64
Deaths,2022-01-15,30-49,7.8,0.3,0.0,26.0,0.0,154759,346990.0,239415.0,12,1.0,0.0,30,49
Deaths,2023-07-29,30-49,0.0,0.0,0.0,0.0,0.0,107515,278402.0,347313.0,0,0.0,0.0,30,49
Deaths,2023-04-22,30-49,0.0,0.0,0.0,0.0,0.0,109408,278312.0,347288.0,0,0.0,0.0,30,49
Hospitalizations,2022-01-01,80+,365.2,444.6,106.9,0.8,3.4,27932,20693.0,35560.0,102,92.0,38.0,80,200
Deaths,2022-03-19,All,0.6,0.3,0.0,2.0,0.0,662148,905646.0,919703.0,4,3.0,0.0,999,999
Hospitalizations,2021-08-28,50-64,62.7,6.8,0.0,9.2,0.0,89285,322178.0,0.0,56,22.0,0.0,50,64
Deaths,2022-01-08,All,14.4,5.8,2.2,2.5,6.5,771844,1058475.0,641998.0,111,61.0,14.0,999,999
Cases,2022-08-20,80+,171.5,267.6,222.4,0.6,0.8,26236,11583.0,46759.0,45,31.0,104.0,80,200
Cases,2021-06-26,18-29,18.8,4.7,0.0,4.0,0.0,228136,254744.0,0.0,43,12.0,0.0,18,29
Cases,2023-04-15,50-64,102.0,41.4,63.2,2.5,1.6,33349,125709.0,246898.0,34,52.0,156.0,50,64
Cases,2021-10-23,50-64,192.9,47.7,30.3,4.0,6.4,74137,326932.0,13200.0,143,156.0,4.0,50,64
Cases,2021-11-20,All,272.4,114.4,25.3,2.4,10.8,893891,1383374.0,221328.0,2435,1582.0,56.0,999,999
Hospitalizations,2022-05-14,80+,74.7,84.5,42.6,0.9,1.8,26763,13025.0,44628.0,20,11.0,19.0,80,200
Cases,2021-11-06,65-79,123.9,58.1,16.7,2.1,7.4,58116,160017.0,41816.0,72,93.0,7.0,65,79
Cases,2022-05-14,65-79,229.8,157.7,227.6,1.5,1.0,47442,48816.0,163445.0,109,77.0,372.0,65,79
Deaths,2022-08-06,All,0.7,0.2,0.2,3.5,3.5,614334,850591.0,1014163.0,4,2.0,2.0,999,999
Hospitalizations,2022-05-14,30-49,10.8,4.9,3.9,2.2,2.8,130179,285512.0,332845.0,14,14.0,13.0,30,49
Cases,2021-11-20,65-79,175.6,83.8,8.6,2.1,20.4,56364,133667.0,69658.0,99,112.0,6.0,65,79
Hospitalizations,2022-12-17,50-64,36.9,10.4,13.0,3.5,2.8,35269,125391.0,246772.0,13,13.0,32.0,50,64
Cases,2023-10-07,30-49,41.0,18.7,23.6,2.2,1.7,104936,278564.0,347458.0,43,52.0,82.0,30,49
Hospitalizations,2022-01-08,50-64,355.8,76.7,32.3,4.6,11.0,54811,194317.0,160841.0,195,149.0,52.0,50,64
Cases,2022-04-23,18-29,236.2,109.8,286.1,2.2,0.8,97360,218531.0,149251.0,230,240.0,427.0,18,29
Cases,2023-03-04,50-64,192.4,65.3,95.6,2.9,2.0,33780,125603.0,246874.0,65,82.0,236.0,50,64
Cases,2022-02-19,18-29,191.1,45.7,78.8,4.2,2.4,103609,221200.0,133301.0,198,101.0,105.0,18,29
Deaths,2021-05-01,30-49,1.9,0.0,0.0,0.0,0.0,365119,238588.0,0.0,7,0.0,0.0,30,49
Deaths,2022-07-23,All,0.5,0.7,0.4,0.7,1.2,620290,856799.0,1004817.0,3,6.0,4.0,999,999
Cases,2022-12-31,80+,185.3,387.1,299.3,0.5,0.6,24824,11367.0,47117.0,46,44.0,141.0,80,200
Cases,2022-01-01,50-64,3677.7,1686.1,1009.6,2.2,3.6,56937,206986.0,147279.0,2094,3490.0,1487.0,50,64
Cases,2022-07-30,18-29,371.1,145.9,228.2,2.5,1.6,92439,213184.0,158188.0,343,311.0,361.0,18,29
Deaths,2022-01-08,80+,136.6,108.8,24.3,1.3,5.6,27814,19309.0,37045.0,38,21.0,9.0,80,200
Cases,2021-10-09,50-64,193.6,52.8,0.0,3.7,0.0,77460,331279.0,0.0,150,175.0,0.0,50,64
Deaths,2022-07-16,30-49,0.0,0.0,0.0,0.0,0.0,127190,279873.0,341011.0,0,0.0,0.0,30,49
Deaths,2022-07-02,18-29,0.0,0.0,0.0,0.0,0.0,93769,214617.0,155854.0,0,0.0,0.0,18,29
Hospitalizations,2022-07-23,30-49,18.1,4.7,5.0,3.9,3.6,126870,279406.0,341686.0,23,13.0,17.0,30,49
Deaths,2022-11-05,18-29,0.0,0.0,0.0,0.0,0.0,83590,212234.0,161534.0,0,0.0,0.0,18,29
Cases,2022-06-18,18-29,273.5,120.8,237.8,2.3,1.2,94340,215224.0,154755.0,258,260.0,368.0,18,29
Deaths,2023-09-30,All,0.2,0.2,0.3,1.0,0.7,524196,860280.0,1040855.0,1,2.0,3.0,999,999
Hospitalizations,2022-12-31,18-29,6.3,4.2,0.6,1.5,10.5,79293,212935.0,161619.0,5,9.0,1.0,18,29
Hospitalizations,2022-07-16,50-64,31.3,10.9,10.8,2.9,2.9,41521,128806.0,241470.0,13,14.0,26.0,50,64
Cases,2023-04-15,All,63.0,34.0,53.4,1.9,1.2,539653,859628.0,1040581.0,340,292.0,556.0,999,999
Deaths,2022-10-08,65-79,2.3,2.3,0.6,1.0,3.8,43949,43409.0,171395.0,1,1.0,1.0,65,79
Cases,2021-08-21,80+,53.5,51.0,0.0,1.0,0.0,31765,52936.0,0.0,17,27.0,0.0,80,200
Hospitalizations,2021-08-07,65-79,32.1,4.1,0.0,7.8,0.0,68485,192863.0,0.0,22,8.0,0.0,65,79
Hospitalizations,2022-07-09,All,12.1,7.2,10.9,1.7,1.1,627781,862137.0,997177.0,76,62.0,109.0,999,999
Deaths,2023-03-04,80+,4.1,8.8,4.2,0.5,1.0,24686,11377.0,47125.0,1,1.0,2.0,80,200
Hospitalizations,2023-04-22,50-64,21.0,0.8,4.1,26.2,5.1,33280,125718.0,246902.0,7,1.0,10.0,50,64
Cases,2021-12-04,50-64,671.0,183.7,34.2,3.7,19.6,64234,270486.0,79047.0,431,497.0,27.0,50,64
Hospitalizations,2022-07-09,65-79,34.5,19.6,25.6,1.8,1.3,46385,45832.0,167927.0,16,9.0,43.0,65,79
Hospitalizations,2021-07-24,18-29,7.4,0.4,0.0,18.5,0.0,215115,275913.0,0.0,16,1.0,0.0,18,29
Cases,2022-05-14,80+,130.8,153.6,246.5,0.9,0.5,26763,13025.0,44628.0,35,20.0,110.0,80,200
Deaths,2023-01-07,80+,12.1,8.8,6.4,1.4,1.9,24805,11369.0,47117.0,3,1.0,3.0,80,200
Hospitalizations,2022-10-01,18-29,4.5,1.9,0.6,2.4,7.5,88079,211686.0,161454.0,4,4.0,1.0,18,29
Hospitalizations,2023-06-17,80+,8.2,0.0,4.2,0.0,2.0,24516,11383.0,47130.0,2,0.0,2.0,80,200
Cases,2021-08-28,50-64,272.2,65.8,0.0,4.1,0.0,89285,322178.0,0.0,243,212.0,0.0,50,64
Hospitalizations,2022-09-10,65-79,30.8,23.0,15.8,1.3,1.9,45457,43539.0,171141.0,14,10.0,27.0,65,79
Cases,2023-06-03,All,20.0,8.5,17.1,2.4,1.2,534701,860357.0,1040674.0,107,73.0,178.0,999,999
Deaths,2022-02-26,65-79,6.1,7.3,0.6,0.8,10.2,49070,54948.0,154842.0,3,4.0,1.0,65,79
Cases,2023-04-08,All,52.2,25.5,48.3,2.0,1.1,540406,859347.0,1040563.0,282,219.0,503.0,999,999
Hospitalizations,2022-12-31,30-49,17.7,4.7,3.2,3.8,5.5,113126,277262.0,347197.0,20,13.0,11.0,30,49
Deaths,2023-07-15,30-49,0.9,0.0,0.0,0.0,0.0,107746,278401.0,347311.0,1,0.0,0.0,30,49
Hospitalizations,2022-01-15,80+,462.4,426.1,94.4,1.1,4.9,27679,18306.0,38129.0,128,78.0,36.0,80,200
Deaths,2021-07-17,18-29,0.0,0.0,0.0,0.0,0.0,218646,272102.0,0.0,0,0.0,0.0,18,29
Hospitalizations,2022-11-12,80+,83.5,61.6,51.0,1.4,1.6,25162,11369.0,47090.0,21,7.0,24.0,80,200
Cases,2022-12-31,65-79,194.3,191.4,175.9,1.0,1.1,40666,43359.0,171676.0,79,83.0,302.0,65,79
Deaths,2022-10-01,18-29,1.1,0.0,0.0,0.0,0.0,88079,211686.0,161454.0,1,0.0,0.0,18,29
Cases,2023-01-14,30-49,144.2,69.9,80.1,2.1,1.8,112361,277385.0,347213.0,162,194.0,278.0,30,49
Hospitalizations,2021-09-11,18-29,12.4,0.3,0.0,41.3,0.0,185405,298401.0,0.0,23,1.0,0.0,18,29
Cases,2022-09-03,65-79,177.7,139.4,149.8,1.3,1.2,45582,43748.0,170866.0,81,61.0,256.0,65,79
Deaths,2023-11-04,30-49,0.0,0.0,0.0,0.0,0.0,101766,279203.0,348427.0,0,0.0,0.0,30,49
Cases,2022-12-17,50-64,476.3,153.1,213.6,3.1,2.2,35269,125391.0,246772.0,168,192.0,527.0,50,64
Hospitalizations,2023-07-08,All,1.3,0.8,0.8,1.6,1.6,531904,860327.0,1040745.0,7,7.0,8.0,999,999
Cases,2023-01-28,80+,68.7,123.1,123.1,0.6,0.6,24736,11376.0,47117.0,17,14.0,58.0,80,200
Cases,2023-01-07,All,125.7,66.8,114.2,1.9,1.1,553739,854331.0,1040190.0,696,571.0,1188.0,999,999
Hospitalizations,2023-04-01,30-49,13.6,2.2,2.3,6.2,5.9,109912,278121.0,347279.0,15,6.0,8.0,30,49
Hospitalizations,2021-05-08,18-29,9.1,0.8,0.0,11.4,0.0,274095,132496.0,0.0,25,1.0,0.0,18,29
Cases,2021-09-25,50-64,182.8,50.5,0.0,3.6,0.0,80946,328443.0,0.0,148,166.0,0.0,50,64
Deaths,2022-04-23,80+,0.0,0.0,0.0,0.0,0.0,26906,13471.0,43906.0,0,0.0,0.0,80,200
Cases,2023-06-10,80+,12.2,17.6,14.9,0.7,0.8,24522,11383.0,47130.0,3,2.0,7.0,80,200
Deaths,2021-12-04,80+,24.5,10.1,0.0,2.4,0.0,28623,29758.0,25961.0,7,3.0,0.0,80,200
Cases,2022-03-26,All,58.8,44.6,81.6,1.3,0.7,659972,904268.0,925908.0,388,403.0,756.0,999,999
Hospitalizations,2023-11-18,50-64,33.3,3.2,6.0,10.4,5.6,29998,125698.0,247977.0,10,4.0,15.0,50,64
Deaths,2022-07-16,All,1.0,0.1,0.5,10.0,2.0,623694,859285.0,1001233.0,6,1.0,5.0,999,999
Deaths,2022-12-17,30-49,0.0,0.0,0.0,0.0,0.0,113869,277097.0,347151.0,0,0.0,0.0,30,49
Deaths,2022-10-08,All,0.9,0.4,0.3,2.2,3.0,588205,843467.0,1037728.0,5,3.0,3.0,999,999
Hospitalizations,2022-04-16,All,3.5,2.2,3.6,1.6,1.0,653769,896402.0,943061.0,23,20.0,34.0,999,999
Cases,2022-01-15,65-79,1116.3,875.7,528.4,1.3,2.1,50970,69775.0,137780.0,569,611.0,728.0,65,79
Cases,2023-04-29,All,52.0,22.8,36.6,2.3,1.4,538163,860165.0,1040623.0,280,196.0,381.0,999,999
Hospitalizations,2023-06-03,65-79,7.6,4.6,6.4,1.7,1.2,39483,43434.0,171732.0,3,2.0,11.0,65,79
Deaths,2023-09-30,50-64,0.0,0.0,0.8,0.0,0.0,31939,125717.0,246950.0,0,0.0,2.0,50,64
Deaths,2021-06-05,All,2.6,0.2,0.0,13.0,0.0,1279034,1158544.0,0.0,33,2.0,0.0,999,999
Cases,2022-02-05,80+,98.6,243.6,105.7,0.4,0.9,27390,16013.0,40692.0,27,39.0,43.0,80,200
Deaths,2022-05-21,18-29,0.0,0.0,0.0,0.0,0.0,95759,216738.0,152215.0,0,0.0,0.0,18,29
Hospitalizations,2023-10-07,30-49,1.9,2.2,0.3,0.9,6.3,104936,278564.0,347458.0,2,6.0,1.0,30,49
Hospitalizations,2021-12-11,30-49,46.4,5.7,1.6,8.1,29.0,181110,452975.0,121631.0,84,26.0,2.0,30,49
Deaths,2023-06-10,All,0.2,0.0,0.2,0.0,1.0,534086,860351.0,1040691.0,1,0.0,2.0,999,999
Cases,2021-08-28,All,212.3,79.6,0.0,2.7,0.0,1076102,1450111.0,0.0,2285,1155.0,0.0,999,999
Hospitalizations,2022-10-01,80+,34.8,70.3,61.6,0.5,0.6,25857,11380.0,47042.0,9,8.0,29.0,80,200
Deaths,2021-04-24,50-64,8.3,0.7,0.0,11.9,0.0,168402,134446.0,0.0,14,1.0,0.0,50,64
Deaths,2021-07-03,65-79,4.1,0.0,0.0,0.0,0.0,72516,187809.0,0.0,3,0.0,0.0,65,79
Deaths,2021-10-16,All,2.0,0.3,0.0,6.7,0.0,987934,1507974.0,0.0,20,4.0,0.0,999,999
Cases,2023-09-30,80+,45.1,87.9,101.8,0.5,0.4,24398,11382.0,47134.0,11,10.0,48.0,80,200
Deaths,2023-11-04,50-64,0.0,0.0,0.0,0.0,0.0,30620,125775.0,247617.0,0,0.0,0.0,50,64
Hospitalizations,2021-06-12,All,5.9,0.8,0.0,7.4,0.0,1257017,1201445.0,0.0,74,10.0,0.0,999,999
Cases,2021-10-16,All,125.4,50.5,0.0,2.5,0.0,987934,1507974.0,0.0,1239,761.0,0.0,999,999
Deaths,2022-11-26,80+,8.0,0.0,2.1,0.0,3.8,25033,11373.0,47096.0,2,0.0,1.0,80,200
Cases,2023-10-07,18-29,41.7,11.7,16.7,3.6,2.5,71968,214276.0,161803.0,30,25.0,27.0,18,29
Hospitalizations,2022-08-13,50-64,41.8,15.8,10.2,2.6,4.1,40677,126700.0,244360.0,17,20.0,25.0,50,64
Deaths,2023-04-29,65-79,0.0,0.0,0.0,0.0,0.0,39684,43437.0,171725.0,0,0.0,0.0,65,79
Hospitalizations,2021-08-07,18-29,8.3,1.4,0.0,5.9,0.0,206013,282729.0,0.0,17,4.0,0.0,18,29
Hospitalizations,2022-01-29,50-64,86.5,15.7,10.9,5.5,7.9,49696,165132.0,193153.0,43,26.0,21.0,50,64
Cases,2021-05-08,80+,107.5,13.6,0.0,7.9,0.0,36289,44240.0,0.0,39,6.0,0.0,80,200
Hospitalizations,2022-03-12,18-29,1.0,0.5,0.7,2.0,1.4,100487,221043.0,142046.0,1,1.0,1.0,18,29
Deaths,2023-06-17,18-29,0.0,0.0,0.0,0.0,0.0,74493,214135.0,161700.0,0,0.0,0.0,18,29
Cases,2021-06-12,18-29,38.0,3.8,0.0,10.0,0.0,236542,236566.0,0.0,90,9.0,0.0,18,29
Hospitalizations,2021-05-01,50-64,61.8,2.4,0.0,25.8,0.0,155412,166702.0,0.0,96,4.0,0.0,50,64
Cases,2022-05-21,80+,142.4,186.1,276.6,0.8,0.5,26685,12893.0,44830.0,38,24.0,124.0,80,200
Hospitalizations,2022-08-27,18-29,12.1,1.9,1.9,6.4,6.4,91147,211921.0,160373.0,11,4.0,3.0,18,29
Cases,2023-10-07,All,34.5,15.3,31.5,2.3,1.1,522040,860669.0,1041205.0,180,132.0,328.0,999,999
Hospitalizations,2022-07-30,50-64,43.8,9.4,7.0,4.7,6.3,41078,127792.0,242873.0,18,12.0,17.0,50,64
Cases,2023-10-14,All,36.4,16.3,32.2,2.2,1.1,519565,861107.0,1041683.0,189,140.0,335.0,999,999
Deaths,2023-09-02,18-29,0.0,0.0,0.0,0.0,0.0,73298,214129.0,161722.0,0,0.0,0.0,18,29
Hospitalizations,2022-11-12,18-29,13.3,1.9,0.6,7.0,22.2,82776,212328.0,161549.0,11,4.0,1.0,18,29
Cases,2021-07-10,All,24.4,8.8,0.0,2.8,0.0,1194853,1348222.0,0.0,292,118.0,0.0,999,999
Cases,2022-03-05,30-49,61.2,22.0,52.2,2.8,1.2,135567,295387.0,314346.0,83,65.0,164.0,30,49
Cases,2022-05-14,18-29,388.8,196.2,432.3,2.0,0.9,96186,217174.0,151504.0,374,426.0,655.0,18,29
Deaths,2022-05-07,All,0.2,0.1,0.2,2.0,1.0,648754,888946.0,956808.0,1,1.0,2.0,999,999
Hospitalizations,2023-04-08,18-29,2.6,0.0,1.2,0.0,2.2,75926,213911.0,161680.0,2,0.0,2.0,18,29
Hospitalizations,2021-09-11,50-64,55.4,4.0,0.0,13.8,0.0,84837,325536.0,0.0,47,13.0,0.0,50,64
Deaths,2023-05-20,65-79,0.0,0.0,0.0,0.0,0.0,39539,43437.0,171728.0,0,0.0,0.0,65,79
Deaths,2021-05-01,50-64,7.7,0.0,0.0,0.0,0.0,155412,166702.0,0.0,12,0.0,0.0,50,64
Cases,2023-01-14,All,143.1,75.9,103.5,1.9,1.4,552001,854759.0,1040217.0,790,649.0,1077.0,999,999
Hospitalizations,2023-03-18,65-79,20.0,13.8,11.1,1.4,1.8,39970,43416.0,171710.0,8,6.0,19.0,65,79
Cases,2021-09-04,30-49,268.1,93.4,0.0,2.9,0.0,237570,516114.0,0.0,637,482.0,0.0,30,49
Deaths,2023-03-18,80+,4.1,17.6,0.0,0.2,0.0,24655,11380.0,47126.0,1,2.0,0.0,80,200
Deaths,2021-12-25,50-64,23.8,5.8,0.0,4.1,0.0,58797,223663.0,129378.0,14,13.0,0.0,50,64
Deaths,2023-09-02,50-64,0.0,0.0,0.0,0.0,0.0,32314,125722.0,246940.0,0,0.0,0.0,50,64
Deaths,2022-09-24,18-29,0.0,0.0,0.0,0.0,0.0,89038,211579.0,161435.0,0,0.0,0.0,18,29
Cases,2022-10-01,80+,96.7,105.4,161.6,0.9,0.6,25857,11380.0,47042.0,25,12.0,76.0,80,200
Hospitalizations,2023-09-02,65-79,7.7,6.9,8.7,1.1,0.9,39162,43414.0,171755.0,3,3.0,15.0,65,79
Cases,2022-08-06,All,256.7,149.9,231.3,1.7,1.1,614334,850591.0,1014163.0,1577,1275.0,2346.0,999,999
Cases,2021-11-27,18-29,287.3,114.6,16.2,2.5,17.7,154874,305350.0,24726.0,445,350.0,4.0,18,29
Deaths,2021-11-20,18-29,0.0,0.0,0.0,0.0,0.0,157265,308782.0,19377.0,0,0.0,0.0,18,29
Deaths,2022-03-26,65-79,4.1,3.8,0.6,1.1,6.8,48633,52066.0,158525.0,2,2.0,1.0,65,79
Cases,2022-02-19,All,109.8,55.8,66.6,2.0,1.6,677481,910869.0,868745.0,744,508.0,579.0,999,999
Cases,2023-02-18,All,135.9,71.9,96.5,1.9,1.4,546175,856948.0,1040388.0,742,616.0,1004.0,999,999
Deaths,2022-09-17,65-79,0.0,0.0,0.6,0.0,0.0,45164,43419.0,171309.0,0,0.0,1.0,65,79
Hospitalizations,2022-12-03,50-64,55.9,18.3,7.7,3.1,7.3,35761,125353.0,246742.0,20,23.0,19.0,50,64
Deaths,2021-04-10,50-64,5.3,0.0,0.0,0.0,0.0,207234,80426.0,0.0,11,0.0,0.0,50,64
Hospitalizations,2023-01-21,80+,44.4,70.3,44.6,0.6,1.0,24751,11374.0,47117.0,11,8.0,21.0,80,200
Hospitalizations,2022-05-28,All,11.0,4.9,8.3,2.2,1.3,643200,881598.0,969242.0,71,43.0,80.0,999,999
Hospitalizations,2022-08-13,65-79,45.9,33.8,28.8,1.4,1.6,45801,44391.0,169993.0,21,15.0,49.0,65,79
Hospitalizations,2023-11-18,All,8.5,3.0,6.9,2.8,1.2,507068,862707.0,1047121.0,43,26.0,72.0,999,999
Hospitalizations,2022-12-24,50-64,68.5,8.8,8.9,7.8,7.7,35058,125409.0,246789.0,24,11.0,22.0,50,64
Cases,2022-03-12,All,47.4,22.7,40.7,2.1,1.2,664996,907380.0,911102.0,315,206.0,371.0,999,999
Deaths,2022-09-10,30-49,0.0,0.4,0.0,0.0,0.0,124669,276027.0,346520.0,0,1.0,0.0,30,49
Deaths,2022-06-11,30-49,0.0,0.0,0.0,0.0,0.0,128697,282377.0,337248.0,0,0.0,0.0,30,49
Deaths,2023-01-28,18-29,0.0,0.0,0.0,0.0,0.0,77858,213199.0,161636.0,0,0.0,0.0,18,29
Cases,2022-01-29,30-49,394.8,220.9,267.6,1.8,1.5,145400,318707.0,273200.0,574,704.0,731.0,30,49
Cases,2023-11-25,65-79,67.1,65.5,89.2,1.0,0.8,37243,44248.0,172629.0,25,29.0,154.0,65,79
Hospitalizations,2021-07-31,All,9.7,2.1,0.0,4.6,0.0,1148000,1398829.0,0.0,111,29.0,0.0,999,999
Deaths,2022-02-05,65-79,24.1,30.1,7.4,0.8,3.3,49755,59749.0,148949.0,12,18.0,11.0,65,79
Hospitalizations,2021-08-07,50-64,34.1,2.2,0.0,15.5,0.0,96770,316026.0,0.0,33,7.0,0.0,50,64
Hospitalizations,2023-01-28,80+,20.2,70.3,38.2,0.3,0.5,24736,11376.0,47117.0,5,8.0,18.0,80,200
Hospitalizations,2022-02-05,30-49,12.7,5.2,2.8,2.4,4.5,142252,308500.0,286318.0,18,16.0,8.0,30,49
Deaths,2023-08-26,50-64,0.0,0.0,0.0,0.0,0.0,32353,125723.0,246939.0,0,0.0,0.0,50,64
Deaths,2022-03-12,All,1.2,0.7,0.2,1.7,6.0,664996,907380.0,911102.0,8,6.0,2.0,999,999
Deaths,2023-09-09,80+,0.0,0.0,0.0,0.0,0.0,24452,11380.0,47133.0,0,0.0,0.0,80,200
Hospitalizations,2023-06-10,All,2.2,0.6,2.7,3.7,0.8,534086,860351.0,1040691.0,12,5.0,28.0,999,999
Hospitalizations,2023-06-10,65-79,7.6,2.3,8.7,3.3,0.9,39441,43434.0,171732.0,3,1.0,15.0,65,79
Hospitalizations,2021-11-06,80+,54.1,22.8,18.0,2.4,3.0,29553,43800.0,11093.0,16,10.0,2.0,80,200
Cases,2023-03-11,All,101.2,60.1,80.2,1.7,1.3,543537,858035.0,1040472.0,550,516.0,834.0,999,999
Deaths,2023-07-22,50-64,0.0,0.0,0.0,0.0,0.0,32565,125729.0,246933.0,0,0.0,0.0,50,64
Hospitalizations,2023-04-08,50-64,12.0,2.4,2.4,5.0,5.0,33404,125694.0,246895.0,4,3.0,6.0,50,64
Hospitalizations,2021-05-08,All,19.6,2.6,0.0,7.5,0.0,1432023,822199.0,0.0,280,21.0,0.0,999,999
Cases,2022-04-09,18-29,178.2,72.9,191.3,2.4,0.9,98229,219416.0,147442.0,175,160.0,282.0,18,29
Cases,2022-09-03,All,206.3,122.0,156.9,1.7,1.3,604544,842367.0,1030965.0,1247,1028.0,1618.0,999,999
Cases,2023-03-04,80+,109.4,140.6,152.8,0.8,0.7,24686,11377.0,47125.0,27,16.0,72.0,80,200
Cases,2023-07-08,50-64,21.4,8.0,10.1,2.7,2.1,32640,125730.0,246931.0,7,10.0,25.0,50,64
Hospitalizations,2021-04-03,18-29,7.0,0.0,0.0,0.0,0.0,385176,47882.0,0.0,27,0.0,0.0,18,29
Cases,2021-09-11,65-79,133.2,48.4,0.0,2.8,0.0,64570,194208.0,0.0,86,94.0,0.0,65,79
Hospitalizations,2022-09-17,65-79,24.4,20.7,16.3,1.2,1.5,45164,43419.0,171309.0,11,9.0,28.0,65,79
Deaths,2021-07-17,65-79,2.8,0.0,0.0,0.0,0.0,71101,190176.0,0.0,2,0.0,0.0,65,79
Hospitalizations,2022-06-25,18-29,12.8,4.2,1.3,3.0,9.8,94060,214919.0,155323.0,12,9.0,2.0,18,29
Hospitalizations,2021-12-11,80+,94.9,86.3,17.9,1.1,5.3,28442,27803.0,28010.0,27,24.0,5.0,80,200
Cases,2022-06-11,All,264.7,176.5,269.3,1.5,1.0,640279,874417.0,979825.0,1695,1543.0,2639.0,999,999
Hospitalizations,2022-06-18,18-29,2.1,4.2,0.6,0.5,3.5,94340,215224.0,154755.0,2,9.0,1.0,18,29
Deaths,2021-11-20,30-49,1.6,0.0,0.0,0.0,0.0,192730,502972.0,63876.0,3,0.0,0.0,30,49
Hospitalizations,2022-04-02,50-64,4.4,2.9,1.3,1.5,3.4,45178,138856.0,227154.0,2,4.0,3.0,50,64
Cases,2021-07-10,50-64,20.5,6.6,0.0,3.1,0.0,107073,304806.0,0.0,22,20.0,0.0,50,64
Cases,2022-06-04,50-64,442.0,152.6,274.0,2.9,1.6,42758,131758.0,237215.0,189,201.0,650.0,50,64
Hospitalizations,2022-09-24,18-29,7.9,2.8,1.2,2.8,6.6,89038,211579.0,161435.0,7,6.0,2.0,18,29
Cases,2021-10-30,All,142.3,57.7,23.8,2.5,6.0,968843,1483650.0,92473.0,1379,856.0,22.0,999,999
Deaths,2022-03-05,65-79,4.1,5.6,0.6,0.7,6.8,48917,54022.0,156028.0,2,3.0,1.0,65,79
Deaths,2023-04-22,50-64,0.0,0.0,0.0,0.0,0.0,33280,125718.0,246902.0,0,0.0,0.0,50,64
Cases,2021-12-18,30-49,1450.9,824.5,551.2,1.8,2.6,176574,429933.0,147317.0,2562,3545.0,812.0,30,49
Hospitalizations,2023-04-08,80+,12.2,8.8,31.8,1.4,0.4,24622,11383.0,47126.0,3,1.0,15.0,80,200
Cases,2023-09-16,All,49.4,27.5,48.7,1.8,1.0,526492,860284.0,1040830.0,260,237.0,507.0,999,999
Cases,2023-08-05,80+,20.4,70.3,44.6,0.3,0.5,24475,11382.0,47131.0,5,8.0,21.0,80,200
Hospitalizations,2021-04-17,18-29,10.4,3.1,0.0,3.4,0.0,327658,65029.0,0.0,34,2.0,0.0,18,29
Deaths,2023-06-03,50-64,0.0,0.0,0.0,0.0,0.0,32855,125745.0,246913.0,0,0.0,0.0,50,64
Deaths,2022-01-01,65-79,61.2,13.9,2.3,4.4,26.6,52264,79022.0,127818.0,32,11.0,3.0,65,79
Hospitalizations,2022-05-21,All,10.9,6.4,8.6,1.7,1.3,644984,883996.0,965236.0,70,57.0,83.0,999,999
Cases,2023-08-05,18-29,36.6,9.3,17.9,3.9,2.0,73686,214134.0,161713.0,27,20.0,29.0,18,29
Cases,2023-02-11,30-49,129.4,56.5,85.5,2.3,1.5,111258,277686.0,347246.0,144,157.0,297.0,30,49
Cases,2023-08-26,All,61.8,29.1,46.5,2.1,1.3,527758,860290.0,1040810.0,326,250.0,484.0,999,999
Hospitalizations,2023-08-12,50-64,12.3,3.2,2.8,3.8,4.4,32441,125727.0,246935.0,4,4.0,7.0,50,64
Deaths,2021-12-11,All,5.8,1.0,1.3,5.8,4.5,847199,1247588.0,380994.0,49,13.0,5.0,999,999
Deaths,2023-03-25,50-64,0.0,0.0,0.0,0.0,0.0,33548,125665.0,246890.0,0,0.0,0.0,50,64
Cases,2021-06-19,All,18.1,3.8,0.0,4.8,0.0,1238489,1241729.0,0.0,224,47.0,0.0,999,999
Hospitalizations,2021-04-03,50-64,39.7,3.0,0.0,13.2,0.0,234356,66383.0,0.0,93,2.0,0.0,50,64
Cases,2022-10-08,80+,85.5,131.8,176.4,0.6,0.5,25733,11377.0,47048.0,22,15.0,83.0,80,200
Cases,2022-04-23,50-64,221.0,77.9,155.4,2.8,1.4,44338,136052.0,231012.0,98,106.0,359.0,50,64
Deaths,2022-03-12,65-79,6.1,0.0,0.6,0.0,10.2,48822,53213.0,157042.0,3,0.0,1.0,65,79
Hospitalizations,2023-08-12,65-79,7.6,9.2,7.0,0.8,1.1,39237,43418.0,171751.0,3,4.0,12.0,65,79
Cases,2021-09-25,18-29,195.4,64.3,0.0,3.0,0.0,178597,304724.0,0.0,349,196.0,0.0,18,29
Hospitalizations,2023-03-18,18-29,3.9,1.4,1.2,2.8,3.2,76420,213693.0,161668.0,3,3.0,2.0,18,29
Cases,2022-02-12,80+,91.6,122.6,94.4,0.7,1.0,27303,15497.0,41310.0,25,19.0,39.0,80,200
Hospitalizations,2021-10-02,50-64,39.2,4.8,0.0,8.2,0.0,79080,330032.0,0.0,31,16.0,0.0,50,64
Deaths,2022-01-29,80+,116.5,83.9,22.5,1.4,5.2,27458,16677.0,39936.0,32,14.0,9.0,80,200
Hospitalizations,2022-03-26,30-49,4.5,1.0,0.3,4.5,15.0,133230,291909.0,322847.0,6,3.0,1.0,30,49
Cases,2023-04-08,18-29,75.1,18.7,37.1,4.0,2.0,75926,213911.0,161680.0,57,40.0,60.0,18,29
Deaths,2023-09-16,18-29,0.0,0.0,0.0,0.0,0.0,73185,214126.0,161725.0,0,0.0,0.0,18,29
Hospitalizations,2023-06-24,80+,8.2,0.0,12.7,0.0,0.6,24509,11383.0,47130.0,2,0.0,6.0,80,200
Hospitalizations,2021-11-20,All,20.8,5.1,2.3,4.1,9.0,893891,1383374.0,221328.0,186,71.0,5.0,999,999
Cases,2023-10-14,18-29,47.7,14.0,17.9,3.4,2.7,71300,214478.0,161898.0,34,30.0,29.0,18,29
Deaths,2023-09-16,80+,0.0,0.0,6.4,0.0,0.0,24446,11380.0,47134.0,0,0.0,3.0,80,200
Cases,2022-10-29,65-79,150.2,152.2,135.8,1.0,1.1,42620,43357.0,171513.0,64,66.0,233.0,65,79
Hospitalizations,2023-07-15,All,1.3,0.2,0.9,6.5,1.4,531292,860318.0,1040757.0,7,2.0,9.0,999,999
Cases,2023-09-23,18-29,67.2,15.9,27.8,4.2,2.4,72891,214123.0,161728.0,49,34.0,45.0,18,29
Hospitalizations,2022-01-15,50-64,308.9,50.5,20.9,6.1,14.8,52767,184203.0,171854.0,163,93.0,36.0,50,64
Hospitalizations,2021-06-19,65-79,5.4,0.5,0.0,10.8,0.0,74281,183897.0,0.0,4,1.0,0.0,65,79
Hospitalizations,2023-03-25,80+,36.5,70.3,59.4,0.5,0.6,24648,11381.0,47126.0,9,8.0,28.0,80,200
Deaths,2022-11-05,All,0.7,0.2,0.3,3.5,2.3,573510,847144.0,1039435.0,4,2.0,3.0,999,999
Cases,2023-09-09,65-79,92.0,39.2,74.5,2.3,1.2,39140,43415.0,171755.0,36,17.0,128.0,65,79
Hospitalizations,2021-06-05,All,7.3,0.7,0.0,10.4,0.0,1279034,1158544.0,0.0,94,8.0,0.0,999,999
Deaths,2021-09-11,80+,16.0,5.7,0.0,2.8,0.0,31257,53008.0,0.0,5,3.0,0.0,80,200
Deaths,2021-08-07,30-49,1.5,0.0,0.0,0.0,0.0,260144,501004.0,0.0,4,0.0,0.0,30,49
Cases,2023-04-29,65-79,42.8,39.1,49.5,1.1,0.9,39684,43437.0,171725.0,17,17.0,85.0,65,79
Deaths,2022-10-22,30-49,0.0,0.0,0.0,0.0,0.0,119057,276343.0,347017.0,0,0.0,0.0,30,49
Deaths,2023-04-01,80+,4.1,0.0,2.1,0.0,2.0,24634,11382.0,47126.0,1,0.0,1.0,80,200
Hospitalizations,2022-01-08,18-29,72.3,16.4,7.2,4.4,10.0,128651,256042.0,83774.0,93,42.0,6.0,18,29
Hospitalizations,2023-04-01,50-64,17.9,3.2,4.5,5.6,4.0,33477,125679.0,246893.0,6,4.0,11.0,50,64
Deaths,2021-05-01,65-79,9.2,0.7,0.0,13.1,0.0,86807,152729.0,0.0,8,1.0,0.0,65,79
Cases,2023-05-06,65-79,30.3,25.3,32.6,1.2,0.9,39631,43437.0,171727.0,12,11.0,56.0,65,79
Hospitalizations,2021-11-20,30-49,28.5,1.8,1.6,15.8,17.8,192730,502972.0,63876.0,55,9.0,1.0,30,49
Cases,2022-03-19,30-49,77.0,27.7,72.9,2.8,1.1,133820,292802.0,320838.0,103,81.0,234.0,30,49
Deaths,2022-12-31,18-29,0.0,0.0,0.0,0.0,0.0,79293,212935.0,161619.0,0,0.0,0.0,18,29
Deaths,2023-06-24,30-49,0.0,0.0,0.0,0.0,0.0,108055,278401.0,347307.0,0,0.0,0.0,30,49
Deaths,2021-04-03,80+,19.0,0.0,0.0,0.0,0.0,42122,26360.0,0.0,8,0.0,0.0,80,200
Hospitalizations,2022-04-02,80+,7.4,0.0,6.9,0.0,1.1,27040,13879.0,43312.0,2,0.0,3.0,80,200
Hospitalizations,2023-09-30,50-64,21.9,2.4,2.8,9.1,7.8,31939,125717.0,246950.0,7,3.0,7.0,50,64
Deaths,2023-09-16,All,0.0,0.0,0.4,0.0,0.0,526492,860284.0,1040830.0,0,0.0,4.0,999,999
Deaths,2023-04-01,50-64,0.0,0.0,0.4,0.0,0.0,33477,125679.0,246893.0,0,0.0,1.0,50,64
Hospitalizations,2023-04-22,30-49,3.7,0.7,0.9,5.3,4.1,109408,278312.0,347288.0,4,2.0,3.0,30,49
Deaths,2022-03-12,30-49,0.7,0.0,0.0,0.0,0.0,134617,294114.0,317904.0,1,0.0,0.0,30,49
Cases,2023-10-28,80+,62.2,78.1,114.4,0.8,0.5,24124,11521.0,47222.0,15,9.0,54.0,80,200
Hospitalizations,2022-02-12,30-49,12.9,5.3,3.4,2.4,3.8,139578,302103.0,296569.0,18,16.0,10.0,30,49
Hospitalizations,2022-05-21,50-64,18.5,9.8,3.8,1.9,4.9,43239,133132.0,235218.0,8,13.0,9.0,50,64
Cases,2023-08-19,80+,53.1,52.7,65.8,1.0,0.8,24470,11380.0,47133.0,13,6.0,31.0,80,200
Hospitalizations,2022-04-09,80+,7.4,21.8,9.2,0.3,0.8,26990,13754.0,43462.0,2,3.0,4.0,80,200
Cases,2023-07-08,18-29,20.2,7.9,4.3,2.6,4.7,74160,214139.0,161703.0,15,17.0,7.0,18,29
Deaths,2022-07-16,50-64,0.0,0.0,0.8,0.0,0.0,41521,128806.0,241470.0,0,0.0,2.0,50,64
Cases,2023-10-14,65-79,49.5,36.8,55.8,1.3,0.9,38416,43494.0,171905.0,19,16.0,96.0,65,79
Hospitalizations,2022-04-30,50-64,13.6,6.7,3.4,2.0,4.0,44059,135237.0,232184.0,6,9.0,8.0,50,64
Hospitalizations,2021-04-24,65-79,62.0,2.8,0.0,22.1,0.0,90355,140945.0,0.0,56,4.0,0.0,65,79
Cases,2023-05-13,18-29,71.8,13.1,17.9,5.5,4.0,75158,214134.0,161690.0,54,28.0,29.0,18,29
Cases,2022-03-12,50-64,67.3,22.5,31.0,3.0,2.2,46039,142268.0,222350.0,31,32.0,69.0,50,64
Cases,2022-08-06,65-79,283.5,203.7,231.7,1.4,1.2,45860,44684.0,169587.0,130,91.0,393.0,65,79
Deaths,2021-04-03,18-29,0.0,0.0,0.0,0.0,0.0,385176,47882.0,0.0,0,0.0,0.0,18,29
Cases,2021-11-27,65-79,213.5,81.5,20.9,2.6,10.2,55747,122640.0,81384.0,119,100.0,17.0,65,79
Cases,2022-12-10,All,223.1,128.3,171.7,1.7,1.3,560620,851689.0,1039873.0,1251,1093.0,1785.0,999,999
Hospitalizations,2021-11-27,18-29,12.9,1.6,0.0,8.1,0.0,154874,305350.0,24726.0,20,5.0,0.0,18,29
Hospitalizations,2023-03-11,18-29,5.2,0.5,1.2,10.4,4.3,76587,213618.0,161667.0,4,1.0,2.0,18,29
Deaths,2022-08-13,All,0.5,0.5,0.1,1.0,5.0,611563,848751.0,1018396.0,3,4.0,1.0,999,999
Hospitalizations,2021-08-28,80+,69.7,20.7,0.0,3.4,0.0,31562,53137.0,0.0,22,11.0,0.0,80,200
Cases,2023-07-29,80+,8.2,96.6,42.4,0.1,0.2,24479,11383.0,47130.0,2,11.0,20.0,80,200
Hospitalizations,2023-04-29,18-29,1.3,0.5,1.2,2.6,1.1,75493,214091.0,161686.0,1,1.0,2.0,18,29
Deaths,2021-05-08,All,3.1,0.2,0.0,15.5,0.0,1432023,822199.0,0.0,45,2.0,0.0,999,999
Deaths,2021-10-23,50-64,5.4,0.9,0.0,6.0,0.0,74137,326932.0,13200.0,4,3.0,0.0,50,64
Hospitalizations,2021-08-07,30-49,14.6,0.8,0.0,18.2,0.0,260144,501004.0,0.0,38,4.0,0.0,30,49
Deaths,2022-03-12,18-29,1.0,0.0,0.0,0.0,0.0,100487,221043.0,142046.0,1,0.0,0.0,18,29
Cases,2023-04-15,18-29,81.8,22.4,27.8,3.7,2.9,75787,213968.0,161682.0,62,48.0,45.0,18,29
Cases,2023-10-28,30-49,55.6,21.9,28.7,2.5,1.9,102493,279053.0,348149.0,57,61.0,100.0,30,49
Hospitalizations,2023-10-14,80+,28.8,35.1,36.0,0.8,0.8,24292,11411.0,47164.0,7,4.0,17.0,80,200
Hospitalizations,2021-05-22,18-29,11.0,0.5,0.0,22.0,0.0,254347,182708.0,0.0,28,1.0,0.0,18,29
Deaths,2022-06-11,80+,0.0,0.0,0.0,0.0,0.0,26548,12467.0,45506.0,0,0.0,0.0,80,200
Cases,2023-06-24,All,14.1,4.9,12.9,2.9,1.1,532973,860337.0,1040720.0,75,42.0,134.0,999,999
Hospitalizations,2022-11-12,50-64,38.3,5.6,8.9,6.8,4.3,36564,125287.0,246697.0,14,7.0,22.0,50,64
Hospitalizations,2021-11-27,30-49,25.8,1.2,1.2,21.5,21.5,189760,487368.0,82444.0,49,6.0,1.0,30,49
Cases,2023-11-11,All,65.9,30.8,47.4,2.1,1.4,509670,862682.0,1045972.0,336,266.0,496.0,999,999
Deaths,2021-12-25,65-79,45.4,12.7,3.3,3.6,13.8,52868,86648.0,119716.0,24,11.0,4.0,65,79
Deaths,2021-05-08,65-79,15.4,0.6,0.0,25.7,0.0,84155,160587.0,0.0,13,1.0,0.0,65,79
Deaths,2022-02-12,65-79,34.4,17.3,2.6,2.0,13.2,49452,57654.0,151402.0,17,10.0,4.0,65,79
Hospitalizations,2023-04-15,All,4.3,2.6,6.6,1.7,0.7,539653,859628.0,1040581.0,23,22.0,69.0,999,999
Cases,2021-09-04,80+,66.9,54.7,0.0,1.2,0.0,31387,53047.0,0.0,21,29.0,0.0,80,200
Cases,2023-07-22,65-79,30.5,20.7,30.3,1.5,1.0,39318,43421.0,171748.0,12,9.0,52.0,65,79
Hospitalizations,2023-08-26,50-64,12.4,5.6,2.8,2.2,4.4,32353,125723.0,246939.0,4,7.0,7.0,50,64
Cases,2023-05-06,All,47.6,21.0,32.7,2.3,1.5,537432,860338.0,1040639.0,256,181.0,340.0,999,999
Deaths,2022-12-31,30-49,0.0,0.0,0.0,0.0,0.0,113126,277262.0,347197.0,0,0.0,0.0,30,49
Deaths,2023-09-16,30-49,0.0,0.0,0.0,0.0,0.0,106807,278395.0,347325.0,0,0.0,0.0,30,49
Cases,2022-04-30,18-29,304.2,119.3,295.2,2.5,1.0,96979,218010.0,150062.0,295,260.0,443.0,18,29
Cases,2021-06-05,All,35.9,5.4,0.0,6.6,0.0,1279034,1158544.0,0.0,459,62.0,0.0,999,999
Cases,2021-04-17,All,226.5,24.2,0.0,9.4,0.0,1616421,475163.0,0.0,3661,115.0,0.0,999,999
Cases,2021-07-24,80+,30.5,15.4,0.0,2.0,0.0,32759,52117.0,0.0,10,8.0,0.0,80,200
Cases,2022-03-12,65-79,45.1,24.4,32.5,1.8,1.4,48822,53213.0,157042.0,22,13.0,51.0,65,79
Deaths,2023-03-11,80+,4.1,0.0,0.0,0.0,0.0,24673,11378.0,47126.0,1,0.0,0.0,80,200
Cases,2022-12-24,30-49,234.4,114.0,147.5,2.1,1.6,113497,277193.0,347177.0,266,316.0,512.0,30,49
Cases,2023-09-23,65-79,105.1,66.8,58.8,1.6,1.8,39028,43414.0,171758.0,41,29.0,101.0,65,79
Hospitalizations,2022-05-14,50-64,18.4,9.0,4.7,2.0,3.9,43533,133809.0,234246.0,8,12.0,11.0,50,64
Cases,2023-11-25,30-49,79.3,31.9,33.8,2.5,2.3,99562,279385.0,349175.0,79,89.0,118.0,30,49
Deaths,2022-12-31,50-64,0.0,0.8,0.4,0.0,0.0,34879,125419.0,246812.0,0,1.0,1.0,50,64
Cases,2022-08-06,80+,155.9,213.0,244.9,0.7,0.6,26292,11735.0,46545.0,41,25.0,114.0,80,200
Deaths,2021-10-23,All,2.0,0.6,0.0,3.3,0.0,978761,1496643.0,68441.0,20,9.0,0.0,999,999
Hospitalizations,2023-08-19,65-79,17.9,9.2,8.7,1.9,2.1,39214,43417.0,171752.0,7,4.0,15.0,65,79
Deaths,2021-12-04,All,3.7,0.5,0.0,7.4,0.0,864337,1287028.0,333146.0,32,6.0,0.0,999,999
Hospitalizations,2021-05-29,All,11.6,1.3,0.0,8.9,0.0,1302037,1094752.0,0.0,151,14.0,0.0,999,999
Cases,2022-03-26,80+,7.4,21.3,30.2,0.3,0.2,27071,14053.0,43109.0,2,3.0,13.0,80,200
Hospitalizations,2021-10-16,18-29,7.6,0.0,0.0,0.0,0.0,170186,312457.0,0.0,13,0.0,0.0,18,29
Deaths,2022-07-09,18-29,0.0,0.0,0.0,0.0,0.0,93482,214304.0,156355.0,0,0.0,0.0,18,29
Cases,2022-08-13,50-64,469.6,144.4,212.4,3.3,2.2,40677,126700.0,244360.0,191,183.0,519.0,50,64
Cases,2023-07-15,65-79,28.0,16.1,12.8,1.7,2.2,39336,43424.0,171745.0,11,7.0,22.0,65,79
Hospitalizations,2023-09-02,80+,12.3,52.7,36.1,0.2,0.3,24460,11380.0,47133.0,3,6.0,17.0,80,200
Cases,2023-08-26,18-29,87.2,29.9,25.4,2.9,3.4,73401,214130.0,161720.0,64,64.0,41.0,18,29
Hospitalizations,2022-01-15,65-79,311.9,170.5,42.1,1.8,7.4,50970,69775.0,137780.0,159,119.0,58.0,65,79
Cases,2022-12-03,18-29,303.7,94.5,110.2,3.2,2.8,81009,212601.0,161582.0,246,201.0,178.0,18,29
Deaths,2023-09-02,80+,0.0,0.0,2.1,0.0,0.0,24460,11380.0,47133.0,0,0.0,1.0,80,200
Hospitalizations,2022-03-12,65-79,14.3,9.4,3.8,1.5,3.8,48822,53213.0,157042.0,7,5.0,6.0,65,79
Hospitalizations,2021-09-25,30-49,22.0,1.1,0.0,20.0,0.0,223214,528608.0,0.0,49,6.0,0.0,30,49
Hospitalizations,2023-11-04,All,5.5,2.3,4.5,2.4,1.2,512405,862552.0,1044756.0,28,20.0,47.0,999,999
Deaths,2021-12-11,50-64,17.6,1.2,1.1,14.7,16.0,62340,258308.0,92192.0,11,3.0,1.0,50,64
Hospitalizations,2021-05-01,30-49,25.7,0.8,0.0,32.1,0.0,365119,238588.0,0.0,94,2.0,0.0,30,49
Hospitalizations,2022-08-06,50-64,31.8,11.8,9.0,2.7,3.5,40870,127180.0,243708.0,13,15.0,22.0,50,64
Cases,2022-09-24,50-64,266.4,61.5,105.5,4.3,2.5,39417,125139.0,246539.0,105,77.0,260.0,50,64
Deaths,2022-01-29,50-64,40.2,4.8,2.1,8.4,19.1,49696,165132.0,193153.0,20,8.0,4.0,50,64
Cases,2022-02-26,80+,66.2,47.2,14.2,1.4,4.7,27200,14818.0,42125.0,18,7.0,6.0,80,200
Cases,2022-05-07,65-79,184.8,103.5,186.8,1.8,1.0,47611,49260.0,162746.0,88,51.0,304.0,65,79
Hospitalizations,2021-05-15,30-49,22.7,0.9,0.0,25.2,0.0,338871,332283.0,0.0,77,3.0,0.0,30,49
Hospitalizations,2022-09-03,30-49,9.6,5.1,3.2,1.9,3.0,125170,276368.0,345994.0,12,14.0,11.0,30,49
Deaths,2022-12-24,65-79,4.9,0.0,1.2,0.0,4.1,40797,43362.0,171663.0,2,0.0,2.0,65,79
Hospitalizations,2023-07-22,30-49,1.9,0.4,0.3,4.8,6.3,107614,278401.0,347312.0,2,1.0,1.0,30,49
Hospitalizations,2021-11-20,80+,58.6,67.8,16.3,0.9,3.6,29022,36868.0,18401.0,17,25.0,3.0,80,200
Hospitalizations,2023-05-20,50-64,12.1,0.8,2.8,15.1,4.3,32964,125743.0,246910.0,4,1.0,7.0,50,64
Deaths,2021-12-04,18-29,0.7,0.0,0.0,0.0,0.0,151690,300768.0,31036.0,1,0.0,0.0,18,29
Cases,2021-09-04,18-29,260.4,92.6,0.0,2.8,0.0,188921,294893.0,0.0,492,273.0,0.0,18,29
Cases,2022-09-03,18-29,210.1,86.9,128.7,2.4,1.6,90904,211667.0,160838.0,191,184.0,207.0,18,29
Deaths,2021-09-18,18-29,1.1,0.0,0.0,0.0,0.0,181678,301822.0,0.0,2,0.0,0.0,18,29
Cases,2022-07-16,30-49,365.6,167.9,294.4,2.2,1.2,127190,279873.0,341011.0,465,470.0,1004.0,30,49
Cases,2023-08-26,80+,40.9,87.9,95.5,0.5,0.4,24464,11380.0,47133.0,10,10.0,45.0,80,200
Hospitalizations,2021-04-03,65-79,42.5,4.3,0.0,9.9,0.0,105935,91962.0,0.0,45,4.0,0.0,65,79
Hospitalizations,2023-11-04,30-49,4.9,1.4,1.7,3.5,2.9,101766,279203.0,348427.0,5,4.0,6.0,30,49
Hospitalizations,2021-09-18,65-79,42.3,9.3,0.0,4.5,0.0,63900,193739.0,0.0,27,18.0,0.0,65,79
Deaths,2021-09-11,All,2.1,0.5,0.0,4.2,0.0,1046939,1475716.0,0.0,22,8.0,0.0,999,999
Hospitalizations,2021-06-05,80+,17.4,4.1,0.0,4.2,0.0,34448,49247.0,0.0,6,2.0,0.0,80,200
Hospitalizations,2022-01-22,30-49,52.1,12.6,7.8,4.1,6.7,149571,332274.0,256937.0,78,42.0,20.0,30,49
Deaths,2022-04-30,All,0.2,0.2,0.0,1.0,0.0,650306,891088.0,952817.0,1,2.0,0.0,999,999
Hospitalizations,2023-09-09,80+,12.3,17.6,46.7,0.7,0.3,24452,11380.0,47133.0,3,2.0,22.0,80,200
Deaths,2022-11-26,50-64,0.0,0.0,0.0,0.0,0.0,36067,125335.0,246724.0,0,0.0,0.0,50,64
Cases,2022-01-15,50-64,2103.6,799.1,640.1,2.6,3.3,52767,184203.0,171854.0,1110,1472.0,1100.0,50,64
Deaths,2023-01-07,65-79,0.0,0.0,1.2,0.0,0.0,40561,43362.0,171679.0,0,0.0,2.0,65,79
Cases,2021-07-03,50-64,20.2,2.0,0.0,10.1,0.0,109144,300501.0,0.0,22,6.0,0.0,50,64
Deaths,2022-04-02,30-49,0.0,0.0,0.0,0.0,0.0,132699,290611.0,324980.0,0,0.0,0.0,30,49
Hospitalizations,2021-10-02,65-79,45.0,9.8,0.0,4.6,0.0,62283,193295.0,0.0,28,19.0,0.0,65,79
Cases,2023-07-29,All,23.0,15.0,23.4,1.5,1.0,530107,860315.0,1040772.0,122,129.0,244.0,999,999
Hospitalizations,2022-08-06,18-29,14.1,4.7,2.5,3.0,5.6,92082,212811.0,158786.0,13,10.0,4.0,18,29
Hospitalizations,2021-07-24,65-79,12.8,2.1,0.0,6.1,0.0,70306,191132.0,0.0,9,4.0,0.0,65,79
Hospitalizations,2022-11-12,65-79,40.4,30.0,21.0,1.3,1.9,42041,43328.0,171584.0,17,13.0,36.0,65,79
Deaths,2021-05-15,80+,16.8,0.0,0.0,0.0,0.0,35729,45820.0,0.0,6,0.0,0.0,80,200
Deaths,2023-08-26,30-49,0.0,0.0,0.0,0.0,0.0,107080,278396.0,347321.0,0,0.0,0.0,30,49
Deaths,2023-07-29,18-29,0.0,0.0,0.0,0.0,0.0,73789,214134.0,161712.0,0,0.0,0.0,18,29
Cases,2022-10-01,18-29,137.4,35.4,60.7,3.9,2.3,88079,211686.0,161454.0,121,75.0,98.0,18,29
Deaths,2023-01-21,65-79,5.0,0.0,0.0,0.0,0.0,40373,43379.0,171682.0,2,0.0,0.0,65,79
Hospitalizations,2023-02-18,80+,32.4,79.1,59.4,0.4,0.5,24700,11377.0,47122.0,8,9.0,28.0,80,200
Cases,2023-05-27,18-29,22.7,9.8,11.8,2.3,1.9,74841,214134.0,161693.0,17,21.0,19.0,18,29
Hospitalizations,2021-07-17,All,4.4,0.4,0.0,11.0,0.0,1181533,1367281.0,0.0,52,6.0,0.0,999,999
Cases,2022-12-24,50-64,493.5,119.6,187.6,4.1,2.6,35058,125409.0,246789.0,173,150.0,463.0,50,64
Deaths,2021-09-04,30-49,2.5,0.0,0.0,0.0,0.0,237570,516114.0,0.0,6,0.0,0.0,30,49
Cases,2023-03-25,18-29,69.5,32.7,45.2,2.1,1.5,76243,213785.0,161673.0,53,70.0,73.0,18,29
Cases,2022-10-29,80+,122.4,211.1,165.7,0.6,0.7,25326,11370.0,47077.0,31,24.0,78.0,80,200
Deaths,2022-08-20,All,0.8,0.2,0.5,4.0,1.6,608684,846709.0,1022491.0,5,2.0,5.0,999,999
Deaths,2023-03-18,All,0.2,0.3,0.2,0.7,1.0,542688,858373.0,1040492.0,1,3.0,2.0,999,999
Hospitalizations,2023-03-04,30-49,5.4,2.5,3.5,2.2,1.5,110600,277895.0,347260.0,6,7.0,12.0,30,49
Hospitalizations,2021-06-05,50-64,25.5,0.4,0.0,63.8,0.0,121592,270415.0,0.0,31,1.0,0.0,50,64
Deaths,2021-04-17,30-49,0.7,0.0,0.0,0.0,0.0,419282,148748.0,0.0,3,0.0,0.0,30,49
Deaths,2022-09-03,All,0.5,0.1,0.4,5.0,1.2,604544,842367.0,1030965.0,3,1.0,4.0,999,999
Deaths,2022-08-27,30-49,0.0,0.0,0.0,0.0,0.0,125403,276779.0,345420.0,0,0.0,0.0,30,49
Cases,2023-05-06,30-49,52.3,22.3,27.1,2.3,1.9,109056,278396.0,347295.0,57,62.0,94.0,30,49
Deaths,2023-10-07,18-29,0.0,0.0,0.0,0.0,0.0,71968,214276.0,161803.0,0,0.0,0.0,18,29
Hospitalizations,2021-10-09,65-79,34.1,8.9,0.0,3.8,0.0,61521,191460.0,0.0,21,17.0,0.0,65,79
Deaths,2022-03-26,30-49,0.0,0.0,0.0,0.0,0.0,133230,291909.0,322847.0,0,0.0,0.0,30,49
Deaths,2023-03-25,30-49,0.0,0.0,0.3,0.0,0.0,110064,278072.0,347275.0,0,0.0,1.0,30,49
Deaths,2021-06-05,80+,8.7,0.0,0.0,0.0,0.0,34448,49247.0,0.0,3,0.0,0.0,80,200
Deaths,2022-04-16,All,0.5,0.0,0.1,0.0,5.0,653769,896402.0,943061.0,3,0.0,1.0,999,999
Cases,2021-10-16,65-79,111.7,41.5,0.0,2.7,0.0,60852,182996.0,0.0,68,76.0,0.0,65,79
Hospitalizations,2022-09-03,18-29,7.7,1.4,1.2,5.5,6.4,90904,211667.0,160838.0,7,3.0,2.0,18,29
Cases,2023-08-26,65-79,86.8,43.8,68.1,2.0,1.3,39187,43414.0,171755.0,34,19.0,117.0,65,79
Deaths,2023-10-14,18-29,0.0,0.0,0.0,0.0,0.0,71300,214478.0,161898.0,0,0.0,0.0,18,29
Deaths,2023-11-18,65-79,0.0,0.0,0.0,0.0,0.0,37394,44197.0,172519.0,0,0.0,0.0,65,79
Deaths,2022-07-02,30-49,0.0,0.4,0.0,0.0,0.0,127872,280840.0,339580.0,0,1.0,0.0,30,49
Cases,2021-06-12,65-79,33.2,9.9,0.0,3.4,0.0,75414,181840.0,0.0,25,18.0,0.0,65,79
Hospitalizations,2023-08-05,80+,12.3,43.9,14.9,0.3,0.8,24475,11382.0,47131.0,3,5.0,7.0,80,200
Deaths,2023-05-20,50-64,0.0,0.0,0.0,0.0,0.0,32964,125743.0,246910.0,0,0.0,0.0,50,64
Cases,2021-11-20,18-29,289.3,104.3,56.8,2.8,5.1,157265,308782.0,19377.0,455,322.0,11.0,18,29
Deaths,2022-01-22,80+,199.5,125.9,15.4,1.6,13.0,27573,17479.0,39032.0,55,22.0,6.0,80,200
Deaths,2023-05-06,65-79,0.0,0.0,0.0,0.0,0.0,39631,43437.0,171727.0,0,0.0,0.0,65,79
Cases,2023-01-28,65-79,106.7,103.7,102.5,1.0,1.0,40317,43381.0,171689.0,43,45.0,176.0,65,79
Deaths,2022-04-02,All,0.0,0.2,0.0,0.0,0.0,657870,901409.0,932489.0,0,2.0,0.0,999,999
Cases,2022-05-28,30-49,351.7,194.8,397.2,1.8,0.9,129368,283855.0,335115.0,455,553.0,1331.0,30,49
Deaths,2023-11-11,65-79,2.7,0.0,0.0,0.0,0.0,37622,44141.0,172402.0,1,0.0,0.0,65,79
Cases,2022-12-03,50-64,481.0,155.6,189.7,3.1,2.5,35761,125353.0,246742.0,172,195.0,468.0,50,64
Deaths,2022-04-30,18-29,0.0,0.0,0.0,0.0,0.0,96979,218010.0,150062.0,0,0.0,0.0,18,29
Cases,2021-08-07,65-79,102.2,42.0,0.0,2.4,0.0,68485,192863.0,0.0,70,81.0,0.0,65,79
Hospitalizations,2021-05-29,18-29,6.9,0.0,0.0,0.0,0.0,246752,207387.0,0.0,17,0.0,0.0,18,29
Hospitalizations,2022-10-22,80+,27.5,52.8,42.5,0.5,0.6,25467,11367.0,47073.0,7,6.0,20.0,80,200
Deaths,2022-03-19,30-49,0.0,0.0,0.0,0.0,0.0,133820,292802.0,320838.0,0,0.0,0.0,30,49
Deaths,2021-10-02,18-29,0.0,0.0,0.0,0.0,0.0,175617,307962.0,0.0,0,0.0,0.0,18,29
Hospitalizations,2022-07-23,All,15.0,9.2,10.4,1.6,1.4,620290,856799.0,1004817.0,93,79.0,105.0,999,999
Hospitalizations,2023-10-07,65-79,20.7,9.2,11.1,2.2,1.9,38643,43457.0,171823.0,8,4.0,19.0,65,79
Hospitalizations,2022-03-05,All,4.2,2.9,1.4,1.4,3.0,668131,908622.0,900419.0,28,26.0,13.0,999,999
Deaths,2022-06-18,18-29,0.0,0.0,0.0,0.0,0.0,94340,215224.0,154755.0,0,0.0,0.0,18,29
Deaths,2021-07-03,30-49,1.1,0.0,0.0,0.0,0.0,284806,473790.0,0.0,3,0.0,0.0,30,49
Deaths,2022-06-25,50-64,0.0,0.0,0.4,0.0,0.0,42094,130098.0,239606.0,0,0.0,1.0,50,64
Hospitalizations,2023-04-01,18-29,5.3,0.9,2.5,5.9,2.1,76086,213847.0,161677.0,4,2.0,4.0,18,29
Hospitalizations,2022-07-30,All,14.1,7.1,10.4,2.0,1.4,617241,853308.0,1009629.0,87,61.0,105.0,999,999
Cases,2021-04-03,50-64,224.4,22.6,0.0,9.9,0.0,234356,66383.0,0.0,526,15.0,0.0,50,64
Deaths,2022-09-17,80+,3.8,0.0,4.3,0.0,0.9,26096,11381.0,47028.0,1,0.0,2.0,80,200
Hospitalizations,2023-01-14,All,13.2,6.1,10.2,2.2,1.3,552001,854759.0,1040217.0,73,52.0,106.0,999,999
Hospitalizations,2023-02-11,65-79,27.4,27.7,19.8,1.0,1.4,40183,43393.0,171693.0,11,12.0,34.0,65,79
Deaths,2021-07-17,All,0.5,0.0,0.0,0.0,0.0,1181533,1367281.0,0.0,6,0.0,0.0,999,999
Deaths,2022-01-15,18-29,0.0,0.4,0.0,0.0,0.0,121679,248007.0,93335.0,0,1.0,0.0,18,29
Deaths,2022-04-02,50-64,0.0,0.7,0.0,0.0,0.0,45178,138856.0,227154.0,0,1.0,0.0,50,64
Cases,2021-09-25,65-79,107.5,48.6,0.0,2.2,0.0,63251,193577.0,0.0,68,94.0,0.0,65,79
Deaths,2023-05-20,18-29,0.0,0.0,0.0,0.0,0.0,75004,214136.0,161691.0,0,0.0,0.0,18,29
Deaths,2022-07-09,30-49,0.0,0.0,0.0,0.0,0.0,127602,280376.0,340282.0,0,0.0,0.0,30,49
Cases,2023-03-04,18-29,136.7,43.5,60.0,3.1,2.3,76784,213571.0,161659.0,105,93.0,97.0,18,29
Cases,2023-07-01,30-49,13.9,6.8,8.3,2.0,1.7,107930,278403.0,347308.0,15,19.0,29.0,30,49
Deaths,2023-10-14,65-79,0.0,0.0,0.6,0.0,0.0,38416,43494.0,171905.0,0,0.0,1.0,65,79
Cases,2023-05-27,50-64,36.5,15.1,19.4,2.4,1.9,32906,125743.0,246912.0,12,19.0,48.0,50,64
Hospitalizations,2023-10-28,All,4.1,1.4,3.7,2.9,1.1,514722,862266.0,1043533.0,21,12.0,39.0,999,999
Hospitalizations,2021-07-17,50-64,7.6,0.6,0.0,12.7,0.0,105017,308063.0,0.0,8,2.0,0.0,50,64
Hospitalizations,2022-06-18,50-64,37.8,5.4,6.3,7.0,6.0,42287,130631.0,238855.0,16,7.0,15.0,50,64
Cases,2022-02-19,30-49,111.7,50.8,82.0,2.2,1.4,137833,299049.0,303628.0,154,152.0,249.0,30,49
Cases,2023-11-04,80+,37.4,77.9,95.2,0.5,0.4,24080,11553.0,47261.0,9,9.0,45.0,80,200
Deaths,2023-10-28,80+,4.1,17.4,0.0,0.2,0.0,24124,11521.0,47222.0,1,2.0,0.0,80,200
Hospitalizations,2023-10-28,80+,16.6,34.7,21.2,0.5,0.8,24124,11521.0,47222.0,4,4.0,10.0,80,200
Deaths,2021-09-11,50-64,10.6,0.3,0.0,35.3,0.0,84837,325536.0,0.0,9,1.0,0.0,50,64
Hospitalizations,2022-01-22,18-29,31.0,6.3,1.9,4.9,16.3,116024,239720.0,103823.0,36,15.0,2.0,18,29
Deaths,2023-10-28,65-79,0.0,0.0,0.6,0.0,0.0,37995,43884.0,172161.0,0,0.0,1.0,65,79
Hospitalizations,2022-11-12,All,15.4,4.5,9.0,3.4,1.7,570386,848167.0,1039564.0,88,38.0,94.0,999,999
Deaths,2023-08-19,50-64,0.0,0.0,0.0,0.0,0.0,32398,125726.0,246936.0,0,0.0,0.0,50,64
Deaths,2023-09-23,18-29,0.0,0.0,0.0,0.0,0.0,72891,214123.0,161728.0,0,0.0,0.0,18,29
Deaths,2022-10-15,All,1.0,0.0,0.1,0.0,10.0,584290,844343.0,1038311.0,6,0.0,1.0,999,999
Deaths,2021-06-05,18-29,0.0,0.0,0.0,0.0,0.0,241512,225206.0,0.0,0,0.0,0.0,18,29
Hospitalizations,2023-01-07,All,18.1,6.4,12.7,2.8,1.4,553739,854331.0,1040190.0,100,55.0,132.0,999,999
Deaths,2022-01-08,65-79,73.6,28.5,3.0,2.6,24.5,51599,73634.0,133598.0,38,21.0,4.0,65,79
Cases,2023-04-29,80+,28.5,43.9,74.3,0.6,0.4,24593,11384.0,47127.0,7,5.0,35.0,80,200
Cases,2021-07-10,65-79,13.9,6.3,0.0,2.2,0.0,71806,189097.0,0.0,10,12.0,0.0,65,79
Hospitalizations,2022-03-12,80+,14.7,13.9,11.7,1.1,1.3,27140,14363.0,42701.0,4,2.0,5.0,80,200
Cases,2022-05-07,50-64,308.0,134.5,265.4,2.3,1.2,43830,134524.0,233206.0,135,181.0,619.0,50,64
Hospitalizations,2023-05-20,30-49,3.7,0.4,0.3,9.2,12.3,108712,278401.0,347297.0,4,1.0,1.0,30,49
Hospitalizations,2023-05-13,50-64,3.0,3.2,3.6,0.9,0.8,33018,125743.0,246910.0,1,4.0,9.0,50,64
Hospitalizations,2022-10-22,30-49,8.4,2.5,3.2,3.4,2.6,119057,276343.0,347017.0,10,7.0,11.0,30,49
Deaths,2023-03-18,50-64,0.0,0.8,0.0,0.0,0.0,33625,125634.0,246883.0,0,1.0,0.0,50,64
Cases,2021-08-21,65-79,134.9,54.6,0.0,2.5,0.0,66724,194251.0,0.0,90,106.0,0.0,65,79
Cases,2021-04-10,18-29,336.3,45.8,0.0,7.3,0.0,353270,54598.0,0.0,1188,25.0,0.0,18,29
Cases,2022-10-15,30-49,137.5,52.5,81.0,2.6,1.7,119967,276252.0,346982.0,165,145.0,281.0,30,49
Hospitalizations,2023-10-07,50-64,6.3,1.6,2.8,3.9,2.2,31672,125732.0,247019.0,2,2.0,7.0,50,64
Cases,2021-05-22,18-29,138.4,9.3,0.0,14.9,0.0,254347,182708.0,0.0,352,17.0,0.0,18,29
Cases,2021-07-24,18-29,116.2,41.7,0.0,2.8,0.0,215115,275913.0,0.0,250,115.0,0.0,18,29
Hospitalizations,2023-03-11,All,9.0,3.7,7.2,2.4,1.2,543537,858035.0,1040472.0,49,32.0,75.0,999,999
Deaths,2022-09-03,50-64,0.0,0.8,0.4,0.0,0.0,40251,125600.0,245831.0,0,1.0,1.0,50,64
Cases,2022-07-23,50-64,547.6,196.2,278.9,2.8,2.0,41269,128418.0,242018.0,226,252.0,675.0,50,64
Deaths,2022-06-25,18-29,0.0,0.0,0.0,0.0,0.0,94060,214919.0,155323.0,0,0.0,0.0,18,29
Cases,2023-06-10,50-64,36.6,6.4,13.4,5.7,2.7,32808,125744.0,246916.0,12,8.0,33.0,50,64
Hospitalizations,2021-07-24,All,6.3,1.1,0.0,5.7,0.0,1165954,1383641.0,0.0,73,15.0,0.0,999,999
Deaths,2022-09-17,All,0.3,0.0,0.3,0.0,1.0,599179,840837.0,1035714.0,2,0.0,3.0,999,999
Cases,2023-08-19,65-79,53.6,50.7,61.7,1.1,0.9,39214,43417.0,171752.0,21,22.0,106.0,65,79
Deaths,2021-07-24,All,0.7,0.0,0.0,0.0,0.0,1165954,1383641.0,0.0,8,0.0,0.0,999,999
Hospitalizations,2023-10-28,50-64,13.0,2.4,3.2,5.4,4.1,30857,125795.0,247425.0,4,3.0,8.0,50,64
Cases,2022-07-09,80+,117.3,248.2,219.4,0.5,0.5,26425,12088.0,46042.0,31,30.0,101.0,80,200
Deaths,2022-09-10,80+,15.3,8.8,2.1,1.7,7.3,26174,11409.0,46990.0,4,1.0,1.0,80,200
Cases,2021-05-08,65-79,118.8,13.1,0.0,9.1,0.0,84155,160587.0,0.0,100,21.0,0.0,65,79
Hospitalizations,2022-11-26,50-64,30.5,5.6,8.5,5.4,3.6,36067,125335.0,246724.0,11,7.0,21.0,50,64
Cases,2021-12-18,65-79,405.7,300.5,112.7,1.4,3.6,53484,94857.0,110903.0,217,285.0,125.0,65,79
Hospitalizations,2021-11-06,18-29,8.6,0.6,0.0,14.3,0.0,162718,313731.0,10229.0,14,2.0,0.0,18,29
Cases,2022-02-12,All,160.8,85.1,96.5,1.9,1.7,684647,914673.0,848563.0,1101,778.0,819.0,999,999
Deaths,2022-10-01,50-64,0.0,0.0,0.0,0.0,0.0,39014,125154.0,246575.0,0,0.0,0.0,50,64
Hospitalizations,2022-01-08,80+,546.5,549.0,102.6,1.0,5.3,27814,19309.0,37045.0,152,106.0,38.0,80,200
Cases,2023-06-17,All,12.9,5.5,10.8,2.3,1.2,533523,860344.0,1040706.0,69,47.0,112.0,999,999
Cases,2021-05-15,All,125.4,12.3,0.0,10.2,0.0,1387913,925369.0,0.0,1740,114.0,0.0,999,999
Deaths,2023-06-10,80+,0.0,0.0,0.0,0.0,0.0,24522,11383.0,47130.0,0,0.0,0.0,80,200
Cases,2022-05-21,30-49,339.9,193.9,443.1,1.8,0.8,129750,284685.0,334000.0,441,552.0,1480.0,30,49
Hospitalizations,2021-04-24,18-29,9.3,1.2,0.0,7.8,0.0,301150,85550.0,0.0,28,1.0,0.0,18,29
Deaths,2021-09-04,All,2.5,0.5,0.0,5.0,0.0,1059836,1462025.0,0.0,27,7.0,0.0,999,999
Hospitalizations,2023-10-21,50-64,9.6,4.0,4.0,2.4,2.4,31095,125782.0,247254.0,3,5.0,10.0,50,64
Hospitalizations,2023-03-18,All,5.3,2.6,5.1,2.0,1.0,542688,858373.0,1040492.0,29,22.0,53.0,999,999
Hospitalizations,2021-09-25,50-64,37.1,2.4,0.0,15.5,0.0,80946,328443.0,0.0,30,8.0,0.0,50,64
Cases,2023-01-21,80+,92.9,123.1,144.3,0.8,0.6,24751,11374.0,47117.0,23,14.0,68.0,80,200
Cases,2023-03-11,18-29,121.4,38.4,51.3,3.2,2.4,76587,213618.0,161667.0,93,82.0,83.0,18,29
Hospitalizations,2023-03-25,18-29,2.6,0.9,1.2,2.9,2.2,76243,213785.0,161673.0,2,2.0,2.0,18,29
Deaths,2023-08-19,All,0.0,0.1,0.2,0.0,0.0,528293,860304.0,1040794.0,0,1.0,2.0,999,999
Hospitalizations,2021-11-20,50-64,69.6,5.7,0.0,12.2,0.0,67514,297169.0,49704.0,47,17.0,0.0,50,64
Deaths,2022-10-22,50-64,0.0,0.8,0.0,0.0,0.0,37697,125220.0,246635.0,0,1.0,0.0,50,64
Deaths,2022-03-26,50-64,2.2,0.0,0.0,0.0,0.0,45447,140025.0,225645.0,1,0.0,0.0,50,64
Deaths,2022-01-15,80+,119.2,158.4,26.2,0.8,4.5,27679,18306.0,38129.0,33,29.0,10.0,80,200
Deaths,2021-05-29,30-49,1.3,0.0,0.0,0.0,0.0,314424,398788.0,0.0,4,0.0,0.0,30,49
Cases,2023-12-02,30-49,118.6,42.6,53.2,2.8,2.2,99511,279418.0,349413.0,118,119.0,186.0,30,49
Hospitalizations,2023-01-14,50-64,37.7,10.4,7.7,3.6,4.9,34510,125451.0,246827.0,13,13.0,19.0,50,64
Hospitalizations,2022-12-17,30-49,14.9,3.6,4.0,4.1,3.7,113869,277097.0,347151.0,17,10.0,14.0,30,49
Cases,2023-07-01,65-79,25.4,2.3,14.0,11.0,1.8,39376,43427.0,171741.0,10,1.0,24.0,65,79
Deaths,2022-02-12,50-64,6.3,3.9,1.0,1.6,6.3,47848,152527.0,208125.0,3,6.0,2.0,50,64
Cases,2021-10-09,30-49,185.9,61.4,0.0,3.0,0.0,214640,537114.0,0.0,399,330.0,0.0,30,49
Hospitalizations,2023-09-23,65-79,30.7,16.1,10.5,1.9,2.9,39028,43414.0,171758.0,12,7.0,18.0,65,79
Cases,2023-11-11,30-49,73.3,30.1,42.4,2.4,1.7,100910,279296.0,348677.0,74,84.0,148.0,30,49
Cases,2023-04-15,80+,77.2,96.6,129.4,0.8,0.6,24612,11385.0,47126.0,19,11.0,61.0,80,200
Hospitalizations,2023-02-04,65-79,22.4,20.7,12.8,1.1,1.8,40248,43385.0,171692.0,9,9.0,22.0,65,79
Cases,2023-10-21,All,44.5,20.2,35.0,2.2,1.3,517086,861860.0,1042471.0,230,174.0,365.0,999,999
Deaths,2021-11-20,80+,13.8,19.0,5.4,0.7,2.6,29022,36868.0,18401.0,4,7.0,1.0,80,200
Hospitalizations,2021-10-30,65-79,27.1,8.3,0.0,3.3,0.0,59028,168312.0,32952.0,16,14.0,0.0,65,79
Cases,2023-02-04,50-64,207.8,62.9,83.5,3.3,2.5,34169,125516.0,246849.0,71,79.0,206.0,50,64
Deaths,2022-04-30,80+,3.7,7.5,0.0,0.5,0.0,26860,13328.0,44158.0,1,1.0,0.0,80,200
Deaths,2022-09-24,50-64,0.0,0.0,0.0,0.0,0.0,39417,125139.0,246539.0,0,0.0,0.0,50,64
Hospitalizations,2023-07-29,65-79,5.1,0.0,4.1,0.0,1.2,39287,43420.0,171749.0,2,0.0,7.0,65,79
Hospitalizations,2021-09-18,80+,38.6,13.2,0.0,2.9,0.0,31106,52895.0,0.0,12,7.0,0.0,80,200
Hospitalizations,2021-10-23,80+,13.3,14.6,0.0,0.9,0.0,30106,47937.0,6673.0,4,7.0,0.0,80,200
Hospitalizations,2021-07-24,80+,15.3,7.7,0.0,2.0,0.0,32759,52117.0,0.0,5,4.0,0.0,80,200
Hospitalizations,2023-04-29,All,3.7,2.1,3.2,1.8,1.2,538163,860165.0,1040623.0,20,18.0,33.0,999,999
Deaths,2022-11-05,30-49,0.0,0.4,0.0,0.0,0.0,117430,276538.0,347053.0,0,1.0,0.0,30,49
Hospitalizations,2023-02-18,65-79,17.4,18.4,16.3,0.9,1.1,40129,43398.0,171695.0,7,8.0,28.0,65,79
Deaths,2023-09-09,18-29,0.0,0.0,0.0,0.0,0.0,73215,214129.0,161722.0,0,0.0,0.0,18,29
Deaths,2021-10-23,80+,10.0,6.3,0.0,1.6,0.0,30106,47937.0,6673.0,3,3.0,0.0,80,200
Hospitalizations,2023-06-24,All,1.7,0.1,1.8,17.0,0.9,532973,860337.0,1040720.0,9,1.0,19.0,999,999
Deaths,2021-05-08,80+,35.8,2.3,0.0,15.6,0.0,36289,44240.0,0.0,13,1.0,0.0,80,200
Deaths,2022-05-21,50-64,0.0,0.8,0.0,0.0,0.0,43239,133132.0,235218.0,0,1.0,0.0,50,64
Cases,2021-05-15,80+,58.8,13.1,0.0,4.5,0.0,35729,45820.0,0.0,21,6.0,0.0,80,200
Deaths,2022-11-26,65-79,0.0,0.0,0.0,0.0,0.0,41575,43350.0,171612.0,0,0.0,0.0,65,79
Hospitalizations,2021-04-17,80+,87.0,11.5,0.0,7.6,0.0,39089,34683.0,0.0,34,4.0,0.0,80,200
Deaths,2023-06-10,18-29,0.0,0.0,0.0,0.0,0.0,74610,214134.0,161697.0,0,0.0,0.0,18,29
Cases,2021-05-29,80+,57.5,14.5,0.0,4.0,0.0,34769,48292.0,0.0,20,7.0,0.0,80,200
Hospitalizations,2021-10-16,80+,16.5,16.0,0.0,1.0,0.0,30320,49996.0,0.0,5,8.0,0.0,80,200
Hospitalizations,2021-07-31,18-29,9.0,0.7,0.0,12.9,0.0,210867,279504.0,0.0,19,2.0,0.0,18,29
Hospitalizations,2022-08-06,65-79,37.1,38.0,18.3,1.0,2.0,45860,44684.0,169587.0,17,17.0,31.0,65,79
Cases,2021-11-06,80+,91.4,52.5,18.0,1.7,5.1,29553,43800.0,11093.0,27,23.0,2.0,80,200
Cases,2021-07-10,80+,6.0,1.9,0.0,3.2,0.0,33207,51643.0,0.0,2,1.0,0.0,80,200
Cases,2021-09-18,50-64,265.8,54.1,0.0,4.9,0.0,82757,327000.0,0.0,220,177.0,0.0,50,64
Cases,2023-04-29,18-29,55.6,12.6,24.7,4.4,2.3,75493,214091.0,161686.0,42,27.0,40.0,18,29
Deaths,2021-10-30,80+,10.1,6.5,0.0,1.6,0.0,29835,46071.0,8679.0,3,3.0,0.0,80,200
Deaths,2023-11-11,18-29,0.0,0.0,0.0,0.0,0.0,68798,215294.0,162511.0,0,0.0,0.0,18,29
Deaths,2021-11-06,80+,20.3,6.8,0.0,3.0,0.0,29553,43800.0,11093.0,6,3.0,0.0,80,200
Hospitalizations,2021-05-15,All,16.9,1.9,0.0,8.9,0.0,1387913,925369.0,0.0,234,18.0,0.0,999,999
Cases,2021-07-10,30-49,33.1,11.2,0.0,3.0,0.0,280996,481217.0,0.0,93,54.0,0.0,30,49
Cases,2022-03-19,50-64,72.2,27.7,37.0,2.6,2.0,45704,140906.0,224298.0,33,39.0,83.0,50,64
Hospitalizations,2023-02-25,All,10.1,5.0,8.2,2.0,1.2,545222,857371.0,1040416.0,55,43.0,85.0,999,999
Deaths,2021-09-04,80+,31.9,3.8,0.0,8.4,0.0,31387,53047.0,0.0,10,2.0,0.0,80,200
Cases,2021-08-28,80+,107.7,82.8,0.0,1.3,0.0,31562,53137.0,0.0,34,44.0,0.0,80,200
Hospitalizations,2022-09-24,65-79,24.6,23.0,16.9,1.1,1.5,44762,43407.0,171353.0,11,10.0,29.0,65,79
Hospitalizations,2022-09-24,50-64,33.0,8.8,6.9,3.8,4.8,39417,125139.0,246539.0,13,11.0,17.0,50,64
Cases,2021-07-24,50-64,95.7,22.8,0.0,4.2,0.0,102426,311064.0,0.0,98,71.0,0.0,50,64
Hospitalizations,2021-05-08,80+,71.6,2.3,0.0,31.1,0.0,36289,44240.0,0.0,26,1.0,0.0,80,200
Cases,2021-12-04,80+,188.7,178.1,34.7,1.1,5.4,28623,29758.0,25961.0,54,53.0,9.0,80,200
Cases,2021-07-17,80+,24.2,0.0,0.0,0.0,0.0,33027,51912.0,0.0,8,0.0,0.0,80,200
Hospitalizations,2021-06-19,80+,3.0,0.0,0.0,0.0,0.0,33852,50423.0,0.0,1,0.0,0.0,80,200
Hospitalizations,2021-08-07,80+,34.1,15.2,0.0,2.2,0.0,32284,52589.0,0.0,11,8.0,0.0,80,200
Deaths,2022-04-02,80+,0.0,0.0,0.0,0.0,0.0,27040,13879.0,43312.0,0,0.0,0.0,80,200
Cases,2023-02-18,18-29,162.0,52.5,66.8,3.1,2.4,77142,213438.0,161646.0,125,112.0,108.0,18,29
Hospitalizations,2022-02-12,50-64,37.6,5.2,3.8,7.2,9.9,47848,152527.0,208125.0,18,8.0,8.0,50,64
Deaths,2023-04-01,All,0.6,0.1,0.2,6.0,3.0,541142,859045.0,1040539.0,3,1.0,2.0,999,999
Deaths,2021-06-19,80+,0.0,0.0,0.0,0.0,0.0,33852,50423.0,0.0,0,0.0,0.0,80,200
Cases,2022-09-10,50-64,356.7,93.4,150.7,3.8,2.4,40087,125285.0,246259.0,143,117.0,371.0,50,64
Deaths,2021-10-02,80+,35.9,1.9,0.0,18.9,0.0,30671,52751.0,0.0,11,1.0,0.0,80,200
Hospitalizations,2021-09-04,80+,31.9,28.3,0.0,1.1,0.0,31387,53047.0,0.0,10,15.0,0.0,80,200
Deaths,2021-06-12,80+,5.9,4.0,0.0,1.5,0.0,34140,49948.0,0.0,2,2.0,0.0,80,200
Deaths,2021-08-14,80+,6.2,0.0,0.0,0.0,0.0,32042,52760.0,0.0,2,0.0,0.0,80,200
Hospitalizations,2023-01-28,18-29,10.3,1.4,0.6,7.4,17.2,77858,213199.0,161636.0,8,3.0,1.0,18,29
Deaths,2021-12-11,80+,38.7,14.4,3.6,2.7,10.8,28442,27803.0,28010.0,11,4.0,1.0,80,200
Cases,2021-09-25,80+,67.9,47.3,0.0,1.4,0.0,30936,52848.0,0.0,21,25.0,0.0,80,200
Cases,2021-06-05,80+,17.4,6.1,0.0,2.9,0.0,34448,49247.0,0.0,6,3.0,0.0,80,200
Hospitalizations,2021-05-01,80+,78.4,11.9,0.0,6.6,0.0,37001,42149.0,0.0,29,5.0,0.0,80,200
Deaths,2022-05-14,All,0.2,0.3,0.3,0.7,0.7,646969,886432.0,961158.0,1,3.0,3.0,999,999
Hospitalizations,2021-04-10,80+,69.3,9.9,0.0,7.0,0.0,40425,30292.0,0.0,28,3.0,0.0,80,200
Hospitalizations,2023-08-05,65-79,7.6,4.6,5.8,1.7,1.3,39261,43418.0,171751.0,3,2.0,10.0,65,79
Cases,2022-06-18,30-49,306.1,138.4,277.5,2.2,1.1,128401,281885.0,338011.0,393,390.0,938.0,30,49
Cases,2022-05-21,50-64,446.4,184.0,280.2,2.4,1.6,43239,133132.0,235218.0,193,245.0,659.0,50,64
Hospitalizations,2022-05-21,18-29,11.5,0.9,3.3,12.8,3.5,95759,216738.0,152215.0,11,2.0,5.0,18,29
Deaths,2021-05-15,65-79,24.4,1.2,0.0,20.3,0.0,81874,166358.0,0.0,20,2.0,0.0,65,79
Cases,2022-03-19,80+,11.1,42.3,30.3,0.3,0.4,27097,14172.0,42943.0,3,6.0,13.0,80,200
Deaths,2021-07-31,50-64,3.0,0.3,0.0,10.0,0.0,99806,313577.0,0.0,3,1.0,0.0,50,64
Hospitalizations,2023-09-23,All,8.2,3.1,6.1,2.6,1.3,525521,860278.0,1040840.0,43,27.0,63.0,999,999
Hospitalizations,2023-02-18,All,8.4,4.2,7.1,2.0,1.2,546175,856948.0,1040388.0,46,36.0,74.0,999,999
Deaths,2021-11-27,80+,6.9,21.0,0.0,0.3,0.0,28858,33319.0,22158.0,2,7.0,0.0,80,200
Deaths,2021-04-24,80+,15.8,2.6,0.0,6.1,0.0,38015,38918.0,0.0,6,1.0,0.0,80,200
Deaths,2023-02-18,80+,0.0,0.0,4.2,0.0,0.0,24700,11377.0,47122.0,0,0.0,2.0,80,200
Deaths,2021-04-10,18-29,0.0,0.0,0.0,0.0,0.0,353270,54598.0,0.0,0,0.0,0.0,18,29
Cases,2021-07-31,80+,21.5,34.4,0.0,0.6,0.0,32548,52348.0,0.0,7,18.0,0.0,80,200
Deaths,2023-03-04,All,0.4,0.2,0.9,2.0,0.4,544398,857702.0,1040439.0,2,2.0,9.0,999,999
Cases,2023-11-04,65-79,47.5,56.8,51.7,0.8,0.9,37857,44044.0,172280.0,18,25.0,89.0,65,79
Deaths,2022-12-03,All,0.9,0.5,0.1,1.8,9.0,562883,851081.0,1039826.0,5,4.0,1.0,999,999
Hospitalizations,2021-05-29,80+,48.9,4.1,0.0,11.9,0.0,34769,48292.0,0.0,17,2.0,0.0,80,200
Deaths,2022-05-14,18-29,0.0,0.0,0.7,0.0,0.0,96186,217174.0,151504.0,0,0.0,1.0,18,29
Hospitalizations,2021-07-31,80+,21.5,11.5,0.0,1.9,0.0,32548,52348.0,0.0,7,6.0,0.0,80,200
Cases,2021-10-02,80+,68.5,41.7,0.0,1.6,0.0,30671,52751.0,0.0,21,22.0,0.0,80,200
Hospitalizations,2021-04-17,30-49,19.6,0.7,0.0,28.0,0.0,419282,148748.0,0.0,82,1.0,0.0,30,49
Cases,2021-07-03,65-79,20.7,5.3,0.0,3.9,0.0,72516,187809.0,0.0,15,10.0,0.0,65,79
Hospitalizations,2021-10-30,80+,33.5,17.4,0.0,1.9,0.0,29835,46071.0,8679.0,10,8.0,0.0,80,200
Cases,2021-06-19,80+,5.9,0.0,0.0,0.0,0.0,33852,50423.0,0.0,2,0.0,0.0,80,200
Hospitalizations,2021-09-04,30-49,28.6,1.4,0.0,20.4,0.0,237570,516114.0,0.0,68,7.0,0.0,30,49
Hospitalizations,2023-06-24,30-49,0.9,0.4,0.0,2.2,0.0,108055,278401.0,347307.0,1,1.0,0.0,30,49
Cases,2021-05-15,18-29,136.2,10.7,0.0,12.7,0.0,265014,159262.0,0.0,361,17.0,0.0,18,29
Deaths,2021-08-28,30-49,0.8,0.2,0.0,4.0,0.0,243499,512355.0,0.0,2,1.0,0.0,30,49
Hospitalizations,2023-03-18,80+,8.1,26.4,34.0,0.3,0.2,24655,11380.0,47126.0,2,3.0,16.0,80,200
Cases,2022-10-22,50-64,305.1,77.5,103.8,3.9,2.9,37697,125220.0,246635.0,115,97.0,256.0,50,64
Cases,2023-08-05,65-79,20.4,36.9,32.6,0.6,0.6,39261,43418.0,171751.0,8,16.0,56.0,65,79
Deaths,2022-08-27,50-64,0.0,0.8,0.0,0.0,0.0,40343,125946.0,245378.0,0,1.0,0.0,50,64
Cases,2023-07-15,80+,4.1,17.6,23.3,0.2,0.2,24489,11383.0,47130.0,1,2.0,11.0,80,200
Hospitalizations,2021-08-14,30-49,22.4,1.2,0.0,18.7,0.0,254572,504735.0,0.0,57,6.0,0.0,30,49
Hospitalizations,2023-05-20,18-29,4.0,0.5,1.2,8.0,3.3,75004,214136.0,161691.0,3,1.0,2.0,18,29
Deaths,2021-09-18,30-49,4.0,0.0,0.0,0.0,0.0,227597,524734.0,0.0,9,0.0,0.0,30,49
Deaths,2022-11-26,18-29,0.0,0.0,0.0,0.0,0.0,81540,212520.0,161571.0,0,0.0,0.0,18,29
Deaths,2021-05-29,65-79,11.6,0.0,0.0,0.0,0.0,77839,175452.0,0.0,9,0.0,0.0,65,79
Deaths,2023-04-29,All,0.4,0.0,0.1,0.0,4.0,538163,860165.0,1040623.0,2,0.0,1.0,999,999
Cases,2021-06-12,50-64,36.5,5.0,0.0,7.3,0.0,117767,280325.0,0.0,43,14.0,0.0,50,64
Deaths,2023-09-30,30-49,0.0,0.4,0.0,0.0,0.0,105830,278394.0,347333.0,0,1.0,0.0,30,49
Hospitalizations,2022-04-16,30-49,3.0,2.1,1.8,1.4,1.7,131729,288694.0,328103.0,4,6.0,6.0,30,49
Hospitalizations,2023-03-11,80+,36.5,52.7,42.4,0.7,0.9,24673,11378.0,47126.0,9,6.0,20.0,80,200
Cases,2021-07-17,65-79,36.6,7.4,0.0,4.9,0.0,71101,190176.0,0.0,26,14.0,0.0,65,79
Hospitalizations,2021-04-24,50-64,57.6,0.0,0.0,0.0,0.0,168402,134446.0,0.0,97,0.0,0.0,50,64
Cases,2023-08-26,30-49,68.2,26.2,39.7,2.6,1.7,107080,278396.0,347321.0,73,73.0,138.0,30,49
Hospitalizations,2022-04-30,All,5.8,4.0,4.5,1.4,1.3,650306,891088.0,952817.0,38,36.0,43.0,999,999
Cases,2022-08-06,18-29,400.7,148.5,236.2,2.7,1.7,92082,212811.0,158786.0,369,316.0,375.0,18,29
Deaths,2022-01-22,All,16.6,5.6,1.2,3.0,13.8,724665,989128.0,733279.0,120,55.0,9.0,999,999
Cases,2021-06-26,All,15.2,4.2,0.0,3.6,0.0,1221600,1290050.0,0.0,186,54.0,0.0,999,999
Cases,2022-04-09,50-64,106.9,42.8,95.4,2.5,1.1,44900,137887.0,228401.0,48,59.0,218.0,50,64
Hospitalizations,2021-11-27,80+,62.4,48.0,0.0,1.3,0.0,28858,33319.0,22158.0,18,16.0,0.0,80,200
Hospitalizations,2023-07-08,18-29,2.7,0.0,0.0,0.0,0.0,74160,214139.0,161703.0,2,0.0,0.0,18,29
Deaths,2022-02-19,65-79,16.2,8.9,2.6,1.8,6.2,49241,56313.0,153089.0,8,5.0,4.0,65,79
Cases,2021-10-09,80+,39.4,36.4,0.0,1.1,0.0,30481,52266.0,0.0,12,19.0,0.0,80,200
Deaths,2022-11-19,80+,19.9,8.8,4.2,2.3,4.7,25083,11368.0,47093.0,5,1.0,2.0,80,200
Cases,2022-06-11,65-79,170.8,144.6,176.4,1.2,1.0,46831,47037.0,166138.0,80,68.0,293.0,65,79
Hospitalizations,2022-07-16,80+,53.1,100.0,60.7,0.5,0.9,26383,12003.0,46163.0,14,12.0,28.0,80,200
Cases,2021-12-04,All,448.6,198.1,47.4,2.3,9.5,864337,1287028.0,333146.0,3877,2550.0,158.0,999,999
Deaths,2022-06-04,All,0.6,0.1,0.2,6.0,3.0,641809,878533.0,974045.0,4,1.0,2.0,999,999
Deaths,2022-12-03,18-29,0.0,0.0,0.0,0.0,0.0,81009,212601.0,161582.0,0,0.0,0.0,18,29
Deaths,2022-12-17,18-29,0.0,0.0,0.0,0.0,0.0,79968,212771.0,161600.0,0,0.0,0.0,18,29
Hospitalizations,2023-07-01,65-79,10.2,0.0,2.3,0.0,4.4,39376,43427.0,171741.0,4,0.0,4.0,65,79
Hospitalizations,2023-03-04,50-64,17.8,6.4,7.3,2.8,2.4,33780,125603.0,246874.0,6,8.0,18.0,50,64
Cases,2023-03-25,All,78.2,49.3,63.5,1.6,1.2,541869,858761.0,1040518.0,424,423.0,661.0,999,999
Deaths,2023-09-09,50-64,0.0,0.0,0.0,0.0,0.0,32271,125723.0,246940.0,0,0.0,0.0,50,64
Deaths,2023-05-27,All,0.0,0.0,0.0,0.0,0.0,535220,860357.0,1040665.0,0,0.0,0.0,999,999
Hospitalizations,2023-08-12,All,3.8,2.2,3.5,1.7,1.1,528906,860313.0,1040782.0,20,19.0,36.0,999,999
Hospitalizations,2023-11-18,30-49,6.0,2.1,2.9,2.9,2.1,100114,279360.0,348926.0,6,6.0,10.0,30,49
Deaths,2023-06-03,All,0.0,0.1,0.1,0.0,0.0,534701,860357.0,1040674.0,0,1.0,1.0,999,999
Hospitalizations,2022-02-19,50-64,21.2,7.4,1.4,2.9,15.1,47217,148975.0,212791.0,10,11.0,3.0,50,64
Cases,2023-11-18,80+,100.2,128.9,141.6,0.8,0.7,23945,11637.0,47321.0,24,15.0,67.0,80,200
Cases,2021-07-31,30-49,168.0,62.6,0.0,2.7,0.0,266646,496916.0,0.0,448,311.0,0.0,30,49
Cases,2021-06-19,65-79,14.8,2.7,0.0,5.5,0.0,74281,183897.0,0.0,11,5.0,0.0,65,79
Cases,2022-06-25,All,233.0,139.0,249.0,1.7,0.9,635698,868337.0,988583.0,1481,1207.0,2462.0,999,999
Cases,2023-02-25,65-79,169.7,101.4,106.6,1.7,1.6,40075,43402.0,171700.0,68,44.0,183.0,65,79
Cases,2022-08-06,50-64,450.2,173.8,243.7,2.6,1.8,40870,127180.0,243708.0,184,221.0,594.0,50,64
Cases,2022-06-04,80+,116.6,221.7,249.6,0.5,0.5,26586,12627.0,45272.0,31,28.0,113.0,80,200
Hospitalizations,2021-05-15,18-29,9.8,0.6,0.0,16.3,0.0,265014,159262.0,0.0,26,1.0,0.0,18,29
Deaths,2021-05-01,All,2.7,0.3,0.0,9.0,0.0,1471355,709078.0,0.0,39,2.0,0.0,999,999
Hospitalizations,2023-02-11,30-49,7.2,1.4,1.2,5.1,6.0,111258,277686.0,347246.0,8,4.0,4.0,30,49
Deaths,2021-09-25,65-79,7.9,1.0,0.0,7.9,0.0,63251,193577.0,0.0,5,2.0,0.0,65,79
Hospitalizations,2023-11-25,65-79,10.7,20.3,18.5,0.5,0.6,37243,44248.0,172629.0,4,9.0,32.0,65,79
Cases,2023-03-18,80+,24.3,70.3,93.4,0.3,0.3,24655,11380.0,47126.0,6,8.0,44.0,80,200
Deaths,2023-07-22,All,0.0,0.0,0.1,0.0,0.0,530682,860314.0,1040764.0,0,0.0,1.0,999,999
Cases,2023-09-16,18-29,80.6,15.9,31.5,5.1,2.6,73185,214126.0,161725.0,59,34.0,51.0,18,29
Deaths,2023-02-25,All,0.6,0.3,0.1,2.0,6.0,545222,857371.0,1040416.0,3,3.0,1.0,999,999
Hospitalizations,2022-11-26,18-29,7.4,2.8,2.5,2.6,3.0,81540,212520.0,161571.0,6,6.0,4.0,18,29
Deaths,2023-03-04,18-29,0.0,0.0,0.0,0.0,0.0,76784,213571.0,161659.0,0,0.0,0.0,18,29
Deaths,2022-05-14,50-64,0.0,0.7,0.0,0.0,0.0,43533,133809.0,234246.0,0,1.0,0.0,50,64
Cases,2023-12-02,65-79,131.6,99.3,98.4,1.3,1.3,37227,44309.0,172734.0,49,44.0,170.0,65,79
Cases,2023-05-20,50-64,57.6,11.9,23.5,4.8,2.5,32964,125743.0,246910.0,19,15.0,58.0,50,64
Deaths,2023-10-14,50-64,0.0,0.0,0.0,0.0,0.0,31377,125742.0,247106.0,0,0.0,0.0,50,64
Deaths,2023-02-04,30-49,0.0,0.0,0.0,0.0,0.0,111518,277594.0,347241.0,0,0.0,0.0,30,49
Cases,2022-10-29,18-29,176.4,49.5,73.7,3.6,2.4,84477,212127.0,161526.0,149,105.0,119.0,18,29
Cases,2023-05-20,65-79,37.9,32.2,42.5,1.2,0.9,39539,43437.0,171728.0,15,14.0,73.0,65,79
Cases,2021-04-17,50-64,251.2,20.7,0.0,12.1,0.0,186304,101585.0,0.0,468,21.0,0.0,50,64
Hospitalizations,2023-04-08,30-49,5.5,2.2,1.7,2.5,3.2,109729,278197.0,347283.0,6,6.0,6.0,30,49
Hospitalizations,2021-12-25,30-49,82.7,12.6,4.6,6.6,18.0,172845,404756.0,175179.0,143,51.0,8.0,30,49
Hospitalizations,2021-09-25,18-29,11.8,0.3,0.0,39.3,0.0,178597,304724.0,0.0,21,1.0,0.0,18,29
Deaths,2022-05-14,80+,3.7,7.7,0.0,0.5,0.0,26763,13025.0,44628.0,1,1.0,0.0,80,200
Hospitalizations,2022-04-16,65-79,6.2,7.9,5.0,0.8,1.2,48067,50646.0,160443.0,3,4.0,8.0,65,79
Cases,2023-11-04,50-64,117.6,25.4,38.4,4.6,3.1,30620,125775.0,247617.0,36,32.0,95.0,50,64
Deaths,2021-11-13,30-49,0.5,0.2,0.0,2.5,0.0,196498,516743.0,46608.0,1,1.0,0.0,30,49
Cases,2022-06-04,30-49,331.7,168.9,359.9,2.0,0.9,129048,283039.0,336241.0,428,478.0,1210.0,30,49
Deaths,2023-10-07,30-49,0.0,0.0,0.0,0.0,0.0,104936,278564.0,347458.0,0,0.0,0.0,30,49
Cases,2022-07-23,30-49,381.5,188.3,285.6,2.0,1.3,126870,279406.0,341686.0,484,526.0,976.0,30,49
Cases,2022-04-23,All,154.7,115.9,221.5,1.3,0.7,652046,893938.0,947960.0,1009,1036.0,2100.0,999,999
Deaths,2021-05-22,80+,28.4,2.1,0.0,13.5,0.0,35155,47103.0,0.0,10,1.0,0.0,80,200
Hospitalizations,2021-07-03,80+,6.0,0.0,0.0,0.0,0.0,33360,51317.0,0.0,2,0.0,0.0,80,200
Cases,2022-04-16,65-79,39.5,61.2,97.2,0.6,0.4,48067,50646.0,160443.0,19,31.0,156.0,65,79
Hospitalizations,2022-06-11,30-49,4.7,5.7,4.2,0.8,1.1,128697,282377.0,337248.0,6,16.0,14.0,30,49
Hospitalizations,2022-07-09,50-64,38.3,7.7,9.5,5.0,4.0,41738,129197.0,240866.0,16,10.0,23.0,50,64
Hospitalizations,2021-11-20,18-29,10.2,0.3,0.0,34.0,0.0,157265,308782.0,19377.0,16,1.0,0.0,18,29
Deaths,2023-09-23,65-79,0.0,0.0,0.0,0.0,0.0,39028,43414.0,171758.0,0,0.0,0.0,65,79
Hospitalizations,2021-09-11,30-49,21.9,2.3,0.0,9.5,0.0,232678,520775.0,0.0,51,12.0,0.0,30,49
Cases,2021-05-08,50-64,243.6,17.9,0.0,13.6,0.0,146538,195911.0,0.0,357,35.0,0.0,50,64
Deaths,2021-07-31,30-49,1.5,0.0,0.0,0.0,0.0,266646,496916.0,0.0,4,0.0,0.0,30,49
Deaths,2023-02-25,30-49,0.0,0.0,0.0,0.0,0.0,110797,277836.0,347256.0,0,0.0,0.0,30,49
Cases,2023-09-23,50-64,133.9,30.2,53.9,4.4,2.5,32105,125718.0,246945.0,43,38.0,133.0,50,64
Cases,2023-10-28,50-64,100.5,23.8,38.8,4.2,2.6,30857,125795.0,247425.0,31,30.0,96.0,50,64
Cases,2021-05-08,18-29,220.0,15.8,0.0,13.9,0.0,274095,132496.0,0.0,603,21.0,0.0,18,29
Deaths,2023-08-05,18-29,0.0,0.0,0.0,0.0,0.0,73686,214134.0,161713.0,0,0.0,0.0,18,29
Hospitalizations,2021-06-05,30-49,8.1,0.2,0.0,40.5,0.0,307403,422678.0,0.0,25,1.0,0.0,30,49
Hospitalizations,2023-11-11,80+,20.8,60.3,61.3,0.3,0.3,24027,11603.0,47294.0,5,7.0,29.0,80,200
Hospitalizations,2021-04-17,50-64,55.3,3.0,0.0,18.4,0.0,186304,101585.0,0.0,103,3.0,0.0,50,64
Deaths,2021-07-31,All,1.3,0.1,0.0,13.0,0.0,1148000,1398829.0,0.0,15,2.0,0.0,999,999
Hospitalizations,2022-04-09,All,3.5,2.1,2.9,1.7,1.2,655822,898944.0,937807.0,23,19.0,27.0,999,999
Cases,2022-09-10,65-79,129.8,117.1,124.5,1.1,1.0,45457,43539.0,171141.0,59,51.0,213.0,65,79
Deaths,2022-06-25,80+,3.8,8.1,2.2,0.5,1.7,26485,12274.0,45782.0,1,1.0,1.0,80,200
Hospitalizations,2023-04-29,30-49,5.5,1.4,0.9,3.9,6.1,109218,278370.0,347292.0,6,4.0,3.0,30,49
Hospitalizations,2022-12-24,80+,48.3,149.5,106.1,0.3,0.5,24842,11369.0,47114.0,12,17.0,50.0,80,200
Cases,2021-09-25,30-49,197.1,70.6,0.0,2.8,0.0,223214,528608.0,0.0,440,373.0,0.0,30,49
Cases,2023-06-24,30-49,15.7,4.3,10.1,3.7,1.6,108055,278401.0,347307.0,17,12.0,35.0,30,49
Cases,2022-06-11,80+,105.5,248.7,189.0,0.4,0.6,26548,12467.0,45506.0,28,31.0,86.0,80,200
Deaths,2023-09-30,80+,4.1,8.8,0.0,0.5,0.0,24398,11382.0,47134.0,1,1.0,0.0,80,200
Deaths,2022-03-26,18-29,0.0,0.0,0.0,0.0,0.0,99220,220462.0,145029.0,0,0.0,0.0,18,29
Hospitalizations,2021-09-04,50-64,57.6,4.9,0.0,11.8,0.0,86807,323733.0,0.0,50,16.0,0.0,50,64
Deaths,2022-02-12,80+,44.0,25.8,9.7,1.7,4.5,27303,15497.0,41310.0,12,4.0,4.0,80,200
Deaths,2021-07-17,30-49,0.0,0.0,0.0,0.0,0.0,277043,487172.0,0.0,0,0.0,0.0,30,49
Deaths,2022-07-30,All,0.8,0.1,0.6,8.0,1.3,617241,853308.0,1009629.0,5,1.0,6.0,999,999
Deaths,2021-07-10,80+,9.0,0.0,0.0,0.0,0.0,33207,51643.0,0.0,3,0.0,0.0,80,200
Deaths,2021-04-17,18-29,0.6,0.0,0.0,0.0,0.0,327658,65029.0,0.0,2,0.0,0.0,18,29
Hospitalizations,2022-02-19,65-79,24.4,26.6,7.8,0.9,3.1,49241,56313.0,153089.0,12,15.0,12.0,65,79
Deaths,2022-01-15,50-64,41.7,3.8,1.2,11.0,34.8,52767,184203.0,171854.0,22,7.0,2.0,50,64
Hospitalizations,2023-05-27,All,1.7,0.9,2.6,1.9,0.7,535220,860357.0,1040665.0,9,8.0,27.0,999,999
Cases,2022-01-29,18-29,430.2,189.9,273.4,2.3,1.6,111576,231646.0,114102.0,480,440.0,312.0,18,29
Cases,2022-01-15,30-49,1314.3,808.7,751.4,1.6,1.7,154759,346990.0,239415.0,2034,2806.0,1799.0,30,49
Cases,2021-06-05,50-64,63.3,2.2,0.0,28.8,0.0,121592,270415.0,0.0,77,6.0,0.0,50,64
Deaths,2022-06-18,65-79,0.0,0.0,0.0,0.0,0.0,46695,46794.0,166552.0,0,0.0,0.0,65,79
Hospitalizations,2022-10-29,50-64,21.5,15.2,4.9,1.4,4.4,37238,125235.0,246658.0,8,19.0,12.0,50,64
Hospitalizations,2022-04-09,18-29,4.1,0.0,2.0,0.0,2.0,98229,219416.0,147442.0,4,0.0,3.0,18,29
Deaths,2021-05-29,50-64,8.0,0.0,0.0,0.0,0.0,125545,255939.0,0.0,10,0.0,0.0,50,64
Deaths,2021-10-30,50-64,6.9,1.5,0.0,4.6,0.0,72470,323521.0,18445.0,5,5.0,0.0,50,64
Hospitalizations,2023-07-08,65-79,2.5,2.3,2.3,1.1,1.1,39363,43427.0,171742.0,1,1.0,4.0,65,79
Hospitalizations,2023-09-16,All,4.7,3.1,6.2,1.5,0.8,526492,860284.0,1040830.0,25,27.0,65.0,999,999
Deaths,2021-10-16,18-29,0.6,0.0,0.0,0.0,0.0,170186,312457.0,0.0,1,0.0,0.0,18,29
Hospitalizations,2023-07-29,18-29,1.4,0.0,0.0,0.0,0.0,73789,214134.0,161712.0,1,0.0,0.0,18,29
Hospitalizations,2022-08-20,50-64,32.1,11.9,4.9,2.7,6.6,40519,126270.0,244938.0,13,15.0,12.0,50,64
Deaths,2021-05-29,18-29,0.0,0.0,0.0,0.0,0.0,246752,207387.0,0.0,0,0.0,0.0,18,29
Hospitalizations,2023-07-15,50-64,3.1,0.0,0.8,0.0,3.9,32602,125728.0,246933.0,1,0.0,2.0,50,64
Hospitalizations,2021-10-23,18-29,6.6,0.3,0.0,22.0,0.0,167788,313263.0,5594.0,11,1.0,0.0,18,29
Cases,2022-09-10,18-29,181.2,65.7,110.4,2.8,1.6,90487,211509.0,161187.0,164,139.0,178.0,18,29
Cases,2021-07-10,18-29,35.6,11.2,0.0,3.2,0.0,221917,267760.0,0.0,79,30.0,0.0,18,29
Cases,2023-07-22,80+,8.2,17.6,23.3,0.5,0.4,24486,11383.0,47130.0,2,2.0,11.0,80,200
Cases,2021-06-19,50-64,27.1,3.1,0.0,8.7,0.0,114456,287354.0,0.0,31,9.0,0.0,50,64
Cases,2021-06-05,30-49,44.6,6.4,0.0,7.0,0.0,307403,422678.0,0.0,137,27.0,0.0,30,49
Hospitalizations,2022-06-11,50-64,23.5,10.7,6.3,2.2,3.7,42493,131079.0,238179.0,10,14.0,15.0,50,64
Cases,2023-09-02,18-29,88.7,23.8,27.8,3.7,3.2,73298,214129.0,161722.0,65,51.0,45.0,18,29
Hospitalizations,2023-08-19,50-64,9.3,1.6,2.8,5.8,3.3,32398,125726.0,246936.0,3,2.0,7.0,50,64
Deaths,2023-07-01,65-79,0.0,0.0,0.0,0.0,0.0,39376,43427.0,171741.0,0,0.0,0.0,65,79
Hospitalizations,2021-07-10,All,2.8,0.7,0.0,4.0,0.0,1194853,1348222.0,0.0,34,9.0,0.0,999,999
Cases,2022-02-19,80+,55.0,85.7,62.4,0.6,0.9,27250,15168.0,41699.0,15,13.0,26.0,80,200
Deaths,2023-06-17,65-79,0.0,0.0,0.0,0.0,0.0,39420,43432.0,171735.0,0,0.0,0.0,65,79
Hospitalizations,2023-09-30,18-29,2.8,0.5,0.6,5.6,4.7,72503,214130.0,161728.0,2,1.0,1.0,18,29
Cases,2021-09-18,65-79,122.1,39.7,0.0,3.1,0.0,63900,193739.0,0.0,78,77.0,0.0,65,79
Cases,2021-06-12,80+,20.5,8.0,0.0,2.6,0.0,34140,49948.0,0.0,7,4.0,0.0,80,200
Hospitalizations,2022-12-17,80+,76.4,149.5,89.2,0.5,0.9,24877,11373.0,47108.0,19,17.0,42.0,80,200
Cases,2022-10-15,All,107.7,57.8,94.6,1.9,1.1,584290,844343.0,1038311.0,629,488.0,982.0,999,999
Cases,2022-07-02,All,242.7,137.8,256.2,1.8,0.9,631303,865202.0,992967.0,1532,1192.0,2544.0,999,999
Cases,2021-12-11,65-79,324.5,158.3,26.8,2.0,12.1,54236,104235.0,100914.0,176,165.0,27.0,65,79
Hospitalizations,2022-06-18,65-79,40.7,27.8,15.6,1.5,2.6,46695,46794.0,166552.0,19,13.0,26.0,65,79
Cases,2022-07-09,65-79,215.6,165.8,209.0,1.3,1.0,46385,45832.0,167927.0,100,76.0,351.0,65,79
Cases,2022-07-30,50-64,513.7,181.5,248.3,2.8,2.1,41078,127792.0,242873.0,211,232.0,603.0,50,64
Deaths,2022-08-06,50-64,2.4,0.8,0.4,3.0,6.0,40870,127180.0,243708.0,1,1.0,1.0,50,64
Deaths,2022-01-22,50-64,50.9,6.9,0.0,7.4,0.0,51071,174412.0,182773.0,26,12.0,0.0,50,64
Cases,2022-02-26,18-29,102.8,38.5,72.1,2.7,1.4,102168,220893.0,137242.0,105,85.0,99.0,18,29
Hospitalizations,2023-02-04,80+,28.3,52.7,23.3,0.5,1.2,24721,11375.0,47121.0,7,6.0,11.0,80,200
Deaths,2021-07-31,18-29,0.5,0.0,0.0,0.0,0.0,210867,279504.0,0.0,1,0.0,0.0,18,29
Hospitalizations,2022-04-23,80+,18.6,22.3,18.2,0.8,1.0,26906,13471.0,43906.0,5,3.0,8.0,80,200
Deaths,2022-02-26,All,2.1,1.2,0.7,1.8,3.0,671890,908056.0,888098.0,14,11.0,6.0,999,999
Hospitalizations,2021-06-05,18-29,2.5,0.4,0.0,6.2,0.0,241512,225206.0,0.0,6,1.0,0.0,18,29
Hospitalizations,2021-11-27,50-64,89.3,6.7,3.2,13.3,27.9,66092,285061.0,63187.0,59,19.0,2.0,50,64
Cases,2021-09-11,80+,86.4,52.8,0.0,1.6,0.0,31257,53008.0,0.0,27,28.0,0.0,80,200
Cases,2022-12-17,30-49,211.6,136.4,165.6,1.6,1.3,113869,277097.0,347151.0,241,378.0,575.0,30,49
Cases,2022-01-22,18-29,693.0,363.3,428.6,1.9,1.6,116024,239720.0,103823.0,804,871.0,445.0,18,29
Deaths,2023-07-08,65-79,0.0,0.0,0.6,0.0,0.0,39363,43427.0,171742.0,0,0.0,1.0,65,79
Deaths,2021-07-03,All,0.7,0.0,0.0,0.0,0.0,1207003,1324045.0,0.0,8,0.0,0.0,999,999
Hospitalizations,2021-06-12,80+,17.6,6.0,0.0,2.9,0.0,34140,49948.0,0.0,6,3.0,0.0,80,200
Cases,2022-08-20,All,194.0,107.8,174.8,1.8,1.1,608684,846709.0,1022491.0,1181,913.0,1787.0,999,999
Cases,2023-05-13,All,59.4,20.3,29.8,2.9,2.0,536622,860351.0,1040648.0,319,175.0,310.0,999,999
Deaths,2022-05-14,65-79,0.0,2.0,1.2,0.0,0.0,47442,48816.0,163445.0,0,1.0,2.0,65,79
Hospitalizations,2021-07-31,50-64,35.1,2.6,0.0,13.5,0.0,99806,313577.0,0.0,35,8.0,0.0,50,64
Cases,2021-12-18,All,1044.6,688.0,384.6,1.5,2.7,829865,1210623.0,447192.0,8669,8329.0,1720.0,999,999
Deaths,2021-05-22,All,3.0,0.1,0.0,30.0,0.0,1335903,1010820.0,0.0,40,1.0,0.0,999,999
Cases,2023-05-27,80+,24.4,8.8,36.1,2.8,0.7,24542,11384.0,47129.0,6,1.0,17.0,80,200
Deaths,2022-03-05,30-49,0.0,0.0,0.0,0.0,0.0,135567,295387.0,314346.0,0,0.0,0.0,30,49
Deaths,2022-04-09,80+,0.0,14.5,0.0,0.0,0.0,26990,13754.0,43462.0,0,2.0,0.0,80,200
Hospitalizations,2021-09-25,80+,38.8,24.6,0.0,1.6,0.0,30936,52848.0,0.0,12,13.0,0.0,80,200
Cases,2023-11-25,18-29,60.4,18.6,28.2,3.2,2.1,67903,215525.0,162833.0,41,40.0,46.0,18,29
Cases,2023-12-02,50-64,221.9,58.9,74.1,3.8,3.0,29740,125633.0,248283.0,66,74.0,184.0,50,64
Cases,2021-09-18,80+,64.3,35.9,0.0,1.8,0.0,31106,52895.0,0.0,20,19.0,0.0,80,200
Deaths,2021-07-03,80+,0.0,0.0,0.0,0.0,0.0,33360,51317.0,0.0,0,0.0,0.0,80,200
Deaths,2021-09-18,80+,25.7,1.9,0.0,13.5,0.0,31106,52895.0,0.0,8,1.0,0.0,80,200
Cases,2021-12-18,80+,269.1,244.5,90.3,1.1,3.0,28242,24945.0,31019.0,76,61.0,28.0,80,200
Hospitalizations,2023-09-09,30-49,5.6,2.5,1.4,2.2,4.0,106855,278397.0,347322.0,6,7.0,5.0,30,49
Hospitalizations,2021-11-13,80+,47.8,44.5,13.7,1.1,3.5,29306,40458.0,14603.0,14,18.0,2.0,80,200
Hospitalizations,2022-04-02,30-49,3.8,1.0,0.9,3.8,4.2,132699,290611.0,324980.0,5,3.0,3.0,30,49
Cases,2023-11-18,50-64,190.0,38.2,60.1,5.0,3.2,29998,125698.0,247977.0,57,48.0,149.0,50,64
Hospitalizations,2023-11-25,18-29,2.9,0.5,0.0,5.8,0.0,67903,215525.0,162833.0,2,1.0,0.0,18,29
Cases,2023-03-11,30-49,112.3,47.8,70.8,2.3,1.6,110407,277955.0,347264.0,124,133.0,246.0,30,49
Deaths,2023-06-24,50-64,0.0,0.0,0.0,0.0,0.0,32713,125736.0,246925.0,0,0.0,0.0,50,64
Hospitalizations,2023-10-28,18-29,2.9,0.0,0.6,0.0,4.8,70076,214953.0,162196.0,2,0.0,1.0,18,29
Hospitalizations,2021-07-03,65-79,11.0,0.5,0.0,22.0,0.0,72516,187809.0,0.0,8,1.0,0.0,65,79
Cases,2021-04-03,All,201.6,25.4,0.0,7.9,0.0,1827674,338699.0,0.0,3684,86.0,0.0,999,999
Hospitalizations,2023-07-01,All,1.7,0.3,0.9,5.7,1.9,532370,860333.0,1040733.0,9,3.0,9.0,999,999
Cases,2023-01-14,80+,117.0,211.0,212.2,0.6,0.6,24777,11372.0,47117.0,29,24.0,100.0,80,200
Hospitalizations,2023-02-04,All,8.0,4.4,6.2,1.8,1.3,548376,856091.0,1040343.0,44,38.0,64.0,999,999
Deaths,2023-06-17,50-64,0.0,0.0,0.0,0.0,0.0,32757,125738.0,246922.0,0,0.0,0.0,50,64
Deaths,2021-08-21,50-64,7.6,0.0,0.0,0.0,0.0,91732,320054.0,0.0,7,0.0,0.0,50,64
Cases,2021-05-15,50-64,184.7,9.1,0.0,20.3,0.0,139168,218624.0,0.0,257,20.0,0.0,50,64
Hospitalizations,2022-09-03,80+,64.9,61.1,76.7,1.1,0.8,26205,11466.0,46907.0,17,7.0,36.0,80,200
Deaths,2021-05-08,18-29,0.7,0.0,0.0,0.0,0.0,274095,132496.0,0.0,2,0.0,0.0,18,29
Hospitalizations,2022-10-08,18-29,6.9,2.4,2.5,2.9,2.8,87155,211790.0,161468.0,6,5.0,4.0,18,29
Hospitalizations,2021-05-15,65-79,55.0,3.6,0.0,15.3,0.0,81874,166358.0,0.0,45,6.0,0.0,65,79
Cases,2021-04-24,80+,113.1,12.8,0.0,8.8,0.0,38015,38918.0,0.0,43,5.0,0.0,80,200
Deaths,2022-12-17,All,0.4,0.5,0.2,0.8,2.0,558425,852606.0,1039974.0,2,4.0,2.0,999,999
Hospitalizations,2022-07-23,65-79,43.4,44.1,16.6,1.0,2.6,46080,45341.0,168622.0,20,20.0,28.0,65,79
Cases,2022-10-29,50-64,359.8,103.8,136.2,3.5,2.6,37238,125235.0,246658.0,134,130.0,336.0,50,64
Deaths,2023-11-11,80+,0.0,0.0,4.2,0.0,0.0,24027,11603.0,47294.0,0,0.0,2.0,80,200
Cases,2021-07-24,All,75.6,31.0,0.0,2.4,0.0,1165954,1383641.0,0.0,881,429.0,0.0,999,999
Cases,2022-12-03,All,238.4,122.7,161.6,1.9,1.5,562883,851081.0,1039826.0,1342,1044.0,1680.0,999,999
Cases,2023-11-25,50-64,174.7,49.3,49.6,3.5,3.5,29770,125696.0,248112.0,52,62.0,123.0,50,64
Hospitalizations,2023-10-14,18-29,5.6,0.5,0.0,11.2,0.0,71300,214478.0,161898.0,4,1.0,0.0,18,29
Deaths,2022-11-05,65-79,7.1,0.0,1.2,0.0,5.9,42281,43326.0,171562.0,3,0.0,2.0,65,79
Cases,2023-04-01,50-64,125.5,46.9,59.5,2.7,2.1,33477,125679.0,246893.0,42,59.0,147.0,50,64
Deaths,2023-09-16,65-79,0.0,0.0,0.6,0.0,0.0,39123,43414.0,171757.0,0,0.0,1.0,65,79
Deaths,2023-07-29,65-79,0.0,0.0,0.0,0.0,0.0,39287,43420.0,171749.0,0,0.0,0.0,65,79
Hospitalizations,2022-09-10,80+,64.9,87.7,38.3,0.7,1.7,26174,11409.0,46990.0,17,10.0,18.0,80,200
Cases,2021-11-20,30-49,376.7,144.9,40.7,2.6,9.3,192730,502972.0,63876.0,726,729.0,26.0,30,49
Deaths,2022-04-30,30-49,0.0,0.0,0.0,0.0,0.0,130975,287056.0,330602.0,0,0.0,0.0,30,49
Deaths,2023-08-05,65-79,0.0,0.0,0.0,0.0,0.0,39261,43418.0,171751.0,0,0.0,0.0,65,79
Hospitalizations,2023-02-11,50-64,26.4,8.0,5.7,3.3,4.6,34058,125536.0,246859.0,9,10.0,14.0,50,64
Deaths,2023-07-22,80+,0.0,0.0,0.0,0.0,0.0,24486,11383.0,47130.0,0,0.0,0.0,80,200
Cases,2023-04-15,65-79,57.8,59.9,68.1,1.0,0.8,39800,43431.0,171719.0,23,26.0,117.0,65,79
Hospitalizations,2022-10-29,80+,59.2,70.4,34.0,0.8,1.7,25326,11370.0,47077.0,15,8.0,16.0,80,200
Hospitalizations,2023-03-25,50-64,23.8,5.6,4.5,4.2,5.3,33548,125665.0,246890.0,8,7.0,11.0,50,64
Hospitalizations,2022-02-05,All,13.1,8.6,7.7,1.5,1.7,695615,928537.0,818642.0,91,80.0,63.0,999,999
Cases,2022-04-23,65-79,98.1,77.8,132.1,1.3,0.7,47898,50126.0,161284.0,47,39.0,213.0,65,79
Cases,2022-09-17,65-79,135.1,115.2,141.8,1.2,1.0,45164,43419.0,171309.0,61,50.0,243.0,65,79
Hospitalizations,2023-05-13,80+,16.3,26.4,29.7,0.6,0.5,24575,11384.0,47128.0,4,3.0,14.0,80,200
Hospitalizations,2023-08-12,80+,8.2,17.6,25.5,0.5,0.3,24472,11382.0,47131.0,2,2.0,12.0,80,200
Cases,2022-07-23,All,286.6,166.0,258.9,1.7,1.1,620290,856799.0,1004817.0,1778,1422.0,2601.0,999,999
Deaths,2022-03-12,80+,11.1,27.8,0.0,0.4,0.0,27140,14363.0,42701.0,3,4.0,0.0,80,200
Cases,2023-01-21,All,128.2,71.7,93.1,1.8,1.4,550760,855236.0,1040253.0,706,613.0,968.0,999,999
Cases,2022-04-16,50-64,172.7,58.4,124.9,3.0,1.4,44596,136888.0,229793.0,77,80.0,287.0,50,64
Cases,2022-03-26,65-79,39.1,32.7,41.6,1.2,0.9,48633,52066.0,158525.0,19,17.0,66.0,65,79
Deaths,2023-05-06,18-29,0.0,0.0,0.0,0.0,0.0,75322,214130.0,161688.0,0,0.0,0.0,18,29
Hospitalizations,2021-12-04,18-29,19.1,3.0,0.0,6.4,0.0,151690,300768.0,31036.0,29,9.0,0.0,18,29
Deaths,2023-08-12,18-29,0.0,0.0,0.0,0.0,0.0,73575,214133.0,161715.0,0,0.0,0.0,18,29
Deaths,2023-01-14,65-79,2.5,4.6,1.2,0.5,2.1,40444,43375.0,171679.0,1,2.0,2.0,65,79
Hospitalizations,2021-04-03,30-49,13.4,1.9,0.0,7.1,0.0,506745,105885.0,0.0,68,2.0,0.0,30,49
Deaths,2021-05-01,80+,29.7,2.4,0.0,12.4,0.0,37001,42149.0,0.0,11,1.0,0.0,80,200
Deaths,2021-08-21,80+,12.6,3.8,0.0,3.3,0.0,31765,52936.0,0.0,4,2.0,0.0,80,200
Deaths,2023-04-01,30-49,0.0,0.0,0.0,0.0,0.0,109912,278121.0,347279.0,0,0.0,0.0,30,49
Cases,2022-08-13,65-79,224.9,159.9,210.0,1.4,1.1,45801,44391.0,169993.0,103,71.0,357.0,65,79
Cases,2021-04-24,50-64,238.7,22.3,0.0,10.7,0.0,168402,134446.0,0.0,402,30.0,0.0,50,64
Deaths,2021-04-17,50-64,7.5,0.0,0.0,0.0,0.0,186304,101585.0,0.0,14,0.0,0.0,50,64
Deaths,2022-10-08,50-64,5.2,0.0,0.4,0.0,13.0,38636,125178.0,246593.0,2,0.0,1.0,50,64
Hospitalizations,2021-08-21,50-64,53.4,4.1,0.0,13.0,0.0,91732,320054.0,0.0,49,13.0,0.0,50,64
Hospitalizations,2023-01-14,30-49,9.8,3.6,3.5,2.7,2.8,112361,277385.0,347213.0,11,10.0,12.0,30,49
Hospitalizations,2021-11-13,30-49,18.3,1.5,0.0,12.2,0.0,196498,516743.0,46608.0,36,8.0,0.0,30,49
Deaths,2021-10-23,30-49,2.4,0.0,0.0,0.0,0.0,207114,534216.0,17244.0,5,0.0,0.0,30,49
Cases,2022-03-05,All,52.5,27.4,40.1,1.9,1.3,668131,908622.0,900419.0,351,249.0,361.0,999,999
Deaths,2023-01-28,All,0.4,0.2,0.3,2.0,1.3,549564,855718.0,1040296.0,2,2.0,3.0,999,999
Hospitalizations,2023-06-17,30-49,0.9,0.0,0.3,0.0,3.0,108176,278399.0,347307.0,1,0.0,1.0,30,49
Cases,2021-08-28,30-49,286.2,96.2,0.0,3.0,0.0,243499,512355.0,0.0,697,493.0,0.0,30,49
Deaths,2021-08-21,18-29,0.5,0.0,0.0,0.0,0.0,197658,288634.0,0.0,1,0.0,0.0,18,29
Cases,2023-09-30,All,42.4,21.3,39.9,2.0,1.1,524196,860280.0,1040855.0,222,183.0,415.0,999,999
Hospitalizations,2021-06-12,18-29,2.5,0.0,0.0,0.0,0.0,236542,236566.0,0.0,6,0.0,0.0,18,29
Hospitalizations,2022-12-03,65-79,72.5,48.4,25.1,1.5,2.9,41351,43349.0,171626.0,30,21.0,43.0,65,79
Hospitalizations,2022-12-10,All,16.8,9.3,13.3,1.8,1.3,560620,851689.0,1039873.0,94,79.0,138.0,999,999
Cases,2022-10-01,65-79,96.9,103.7,100.4,0.9,1.0,44363,43409.0,171376.0,43,45.0,172.0,65,79
Cases,2023-01-07,65-79,187.4,143.0,148.0,1.3,1.3,40561,43362.0,171679.0,76,62.0,254.0,65,79
Cases,2022-02-26,All,77.7,37.7,50.7,2.1,1.5,671890,908056.0,888098.0,522,342.0,450.0,999,999
Hospitalizations,2022-02-12,65-79,36.4,31.2,8.6,1.2,4.2,49452,57654.0,151402.0,18,18.0,13.0,65,79
Cases,2021-08-14,50-64,235.6,53.8,0.0,4.4,0.0,94229,318064.0,0.0,222,171.0,0.0,50,64
Deaths,2023-11-04,18-29,0.0,0.0,0.0,0.0,0.0,69457,215124.0,162370.0,0,0.0,0.0,18,29
Cases,2021-12-25,80+,516.6,798.1,266.3,0.6,1.9,28067,22679.0,33427.0,145,181.0,89.0,80,200
Cases,2023-02-25,30-49,121.8,61.9,79.5,2.0,1.5,110797,277836.0,347256.0,135,172.0,276.0,30,49
Cases,2021-12-04,18-29,537.3,203.8,103.1,2.6,5.2,151690,300768.0,31036.0,815,613.0,32.0,18,29
Cases,2022-10-15,50-64,259.3,67.9,106.2,3.8,2.4,38173,125196.0,246614.0,99,85.0,262.0,50,64
Cases,2021-09-18,All,188.9,63.0,0.0,3.0,0.0,1033219,1487228.0,0.0,1952,937.0,0.0,999,999
Cases,2022-02-12,50-64,229.9,72.1,71.6,3.2,3.2,47848,152527.0,208125.0,110,110.0,149.0,50,64
Deaths,2021-04-03,All,1.5,0.3,0.0,5.0,0.0,1827674,338699.0,0.0,27,1.0,0.0,999,999
Hospitalizations,2021-10-09,30-49,14.4,1.7,0.0,8.5,0.0,214640,537114.0,0.0,31,9.0,0.0,30,49
Cases,2023-01-07,30-49,178.3,68.9,97.3,2.6,1.8,112744,277305.0,347207.0,201,191.0,338.0,30,49
Deaths,2022-07-16,80+,15.2,8.3,6.5,1.8,2.3,26383,12003.0,46163.0,4,1.0,3.0,80,200
Hospitalizations,2022-12-10,30-49,14.9,4.0,3.5,3.7,4.3,114339,276994.0,347125.0,17,11.0,12.0,30,49
Cases,2021-10-02,65-79,130.1,46.0,0.0,2.8,0.0,62283,193295.0,0.0,81,89.0,0.0,65,79
Cases,2022-04-16,30-49,154.9,73.1,259.4,2.1,0.6,131729,288694.0,328103.0,204,211.0,851.0,30,49
Cases,2023-02-11,65-79,124.4,106.0,96.7,1.2,1.3,40183,43393.0,171693.0,50,46.0,166.0,65,79
Cases,2023-02-04,30-49,122.9,54.0,79.2,2.3,1.6,111518,277594.0,347241.0,137,150.0,275.0,30,49
Cases,2021-09-25,All,150.5,58.8,0.0,2.6,0.0,1021435,1498444.0,0.0,1537,881.0,0.0,999,999
Deaths,2021-11-20,65-79,5.3,0.0,0.0,0.0,0.0,56364,133667.0,69658.0,3,0.0,0.0,65,79
Cases,2021-11-13,80+,95.5,128.5,13.7,0.7,7.0,29306,40458.0,14603.0,28,52.0,2.0,80,200
Deaths,2022-12-24,30-49,0.0,0.0,0.0,0.0,0.0,113497,277193.0,347177.0,0,0.0,0.0,30,49
Hospitalizations,2022-10-08,All,7.5,3.8,7.1,2.0,1.1,588205,843467.0,1037728.0,44,32.0,74.0,999,999
Cases,2023-06-10,30-49,24.0,6.8,10.9,3.5,2.2,108308,278398.0,347307.0,26,19.0,38.0,30,49
Cases,2022-03-26,18-29,92.7,33.1,113.8,2.8,0.8,99220,220462.0,145029.0,92,73.0,165.0,18,29
Hospitalizations,2022-06-11,80+,30.1,104.3,54.9,0.3,0.5,26548,12467.0,45506.0,8,13.0,25.0,80,200
Cases,2023-11-04,All,53.1,21.3,33.0,2.5,1.6,512405,862552.0,1044756.0,272,184.0,345.0,999,999
Cases,2021-07-03,18-29,20.5,6.9,0.0,3.0,0.0,224760,262359.0,0.0,46,18.0,0.0,18,29
Cases,2023-10-21,18-29,63.7,11.2,27.2,5.7,2.3,70650,214710.0,162045.0,45,24.0,44.0,18,29
Deaths,2022-12-17,80+,8.0,17.6,4.2,0.5,1.9,24877,11373.0,47108.0,2,2.0,2.0,80,200
Cases,2022-07-02,65-79,210.8,177.6,191.1,1.2,1.1,46481,46183.0,167465.0,98,82.0,320.0,65,79
Hospitalizations,2023-04-08,All,4.3,2.3,4.7,1.9,0.9,540406,859347.0,1040563.0,23,20.0,49.0,999,999
Hospitalizations,2023-02-18,50-64,20.6,4.0,4.9,5.2,4.2,33956,125555.0,246862.0,7,5.0,12.0,50,64
Deaths,2023-09-23,80+,8.2,0.0,4.2,0.0,2.0,24430,11380.0,47134.0,2,0.0,2.0,80,200
Cases,2021-06-05,18-29,45.1,6.2,0.0,7.3,0.0,241512,225206.0,0.0,109,14.0,0.0,18,29
Hospitalizations,2022-12-03,18-29,17.3,3.8,3.1,4.6,5.6,81009,212601.0,161582.0,14,8.0,5.0,18,29
Cases,2022-11-19,80+,111.6,158.3,225.1,0.7,0.5,25083,11368.0,47093.0,28,18.0,106.0,80,200
Hospitalizations,2021-06-26,18-29,2.6,0.0,0.0,0.0,0.0,228136,254744.0,0.0,6,0.0,0.0,18,29
Hospitalizations,2022-02-19,30-49,4.4,3.0,1.3,1.5,3.4,137833,299049.0,303628.0,6,9.0,4.0,30,49
Cases,2022-02-12,65-79,127.4,90.2,69.4,1.4,1.8,49452,57654.0,151402.0,63,52.0,105.0,65,79
Cases,2023-11-11,50-64,171.6,43.7,48.8,3.9,3.5,30308,125745.0,247813.0,52,55.0,121.0,50,64
Deaths,2023-02-11,80+,8.1,17.6,0.0,0.5,0.0,24710,11376.0,47122.0,2,2.0,0.0,80,200
Hospitalizations,2022-10-29,65-79,28.2,25.4,20.4,1.1,1.4,42620,43357.0,171513.0,12,11.0,35.0,65,79
Hospitalizations,2023-02-25,30-49,2.7,1.8,3.7,1.5,0.7,110797,277836.0,347256.0,3,5.0,13.0,30,49
Deaths,2022-07-23,30-49,0.0,0.0,0.0,0.0,0.0,126870,279406.0,341686.0,0,0.0,0.0,30,49
Hospitalizations,2023-11-11,50-64,26.4,3.2,4.0,8.2,6.6,30308,125745.0,247813.0,8,4.0,10.0,50,64
Hospitalizations,2022-08-06,30-49,17.4,4.0,4.4,4.4,4.0,126294,278159.0,343405.0,22,11.0,15.0,30,49
Hospitalizations,2023-11-11,30-49,5.0,2.1,1.4,2.4,3.6,100910,279296.0,348677.0,5,6.0,5.0,30,49
Cases,2023-09-23,All,58.8,23.8,47.0,2.5,1.3,525521,860278.0,1040840.0,309,205.0,489.0,999,999
Cases,2021-05-22,80+,54.0,21.2,0.0,2.5,0.0,35155,47103.0,0.0,19,10.0,0.0,80,200
Hospitalizations,2021-07-31,30-49,14.3,1.0,0.0,14.3,0.0,266646,496916.0,0.0,38,5.0,0.0,30,49
Deaths,2022-02-26,30-49,1.5,0.0,0.0,0.0,0.0,136458,296367.0,310294.0,2,0.0,0.0,30,49
Hospitalizations,2021-10-30,18-29,4.8,0.6,0.0,8.0,0.0,165307,313568.0,7958.0,8,2.0,0.0,18,29
Cases,2022-06-18,50-64,425.7,129.4,213.5,3.3,2.0,42287,130631.0,238855.0,180,169.0,510.0,50,64
Hospitalizations,2022-04-16,50-64,9.0,2.2,4.8,4.1,1.9,44596,136888.0,229793.0,4,3.0,11.0,50,64
Deaths,2021-04-10,80+,24.7,0.0,0.0,0.0,0.0,40425,30292.0,0.0,10,0.0,0.0,80,200
Hospitalizations,2021-10-16,50-64,46.2,4.9,0.0,9.4,0.0,75689,329389.0,0.0,35,16.0,0.0,50,64
Cases,2022-05-07,18-29,354.1,150.3,397.3,2.4,0.9,96593,217622.0,150759.0,342,327.0,599.0,18,29
Cases,2022-08-13,30-49,289.7,131.5,202.5,2.2,1.4,125984,277655.0,344132.0,365,365.0,697.0,30,49
Hospitalizations,2021-07-31,65-79,13.0,4.2,0.0,3.1,0.0,69459,192009.0,0.0,9,8.0,0.0,65,79
Hospitalizations,2022-10-29,All,9.7,5.7,7.9,1.7,1.2,576831,846073.0,1039237.0,56,48.0,82.0,999,999
Cases,2021-11-27,30-49,328.8,118.6,55.8,2.8,5.9,189760,487368.0,82444.0,624,578.0,46.0,30,49
Deaths,2021-08-07,65-79,4.4,0.5,0.0,8.8,0.0,68485,192863.0,0.0,3,1.0,0.0,65,79
Deaths,2022-10-01,65-79,2.3,0.0,2.3,0.0,1.0,44363,43409.0,171376.0,1,0.0,4.0,65,79
Cases,2023-07-29,65-79,28.0,18.4,31.4,1.5,0.9,39287,43420.0,171749.0,11,8.0,54.0,65,79
Deaths,2022-10-01,80+,0.0,8.8,8.5,0.0,0.0,25857,11380.0,47042.0,0,1.0,4.0,80,200
Cases,2022-04-02,All,79.0,55.5,102.3,1.4,0.8,657870,901409.0,932489.0,520,500.0,954.0,999,999
Hospitalizations,2022-01-01,50-64,314.4,70.5,16.3,4.5,19.3,56937,206986.0,147279.0,179,146.0,24.0,50,64
Hospitalizations,2021-08-28,65-79,65.3,9.2,0.0,7.1,0.0,65885,194871.0,0.0,43,18.0,0.0,65,79
Hospitalizations,2023-05-20,80+,20.4,0.0,10.6,0.0,1.9,24557,11384.0,47128.0,5,0.0,5.0,80,200
Cases,2023-09-02,30-49,66.4,29.1,42.0,2.3,1.6,106946,278397.0,347321.0,71,81.0,146.0,30,49
Deaths,2021-12-04,50-64,10.9,0.0,0.0,0.0,0.0,64234,270486.0,79047.0,7,0.0,0.0,50,64
Cases,2022-02-26,50-64,134.9,24.7,35.9,5.5,3.8,46700,145752.0,217214.0,63,36.0,78.0,50,64
Cases,2022-07-16,All,251.7,157.2,263.5,1.6,1.0,623694,859285.0,1001233.0,1570,1351.0,2638.0,999,999
Deaths,2023-03-11,50-64,0.0,1.6,0.0,0.0,0.0,33710,125621.0,246881.0,0,2.0,0.0,50,64
Cases,2022-11-19,All,151.2,82.9,116.2,1.8,1.3,567313,849096.0,1039651.0,858,704.0,1208.0,999,999
Deaths,2022-10-29,All,0.0,0.7,0.4,0.0,0.0,576831,846073.0,1039237.0,0,6.0,4.0,999,999
Hospitalizations,2023-02-25,80+,56.7,114.3,59.4,0.5,1.0,24695,11378.0,47124.0,14,13.0,28.0,80,200
Deaths,2022-12-03,65-79,4.8,0.0,0.6,0.0,8.0,41351,43349.0,171626.0,2,0.0,1.0,65,79
Hospitalizations,2021-08-07,All,11.3,2.2,0.0,5.1,0.0,1127960,1412725.0,0.0,127,31.0,0.0,999,999
Cases,2021-05-08,30-49,236.6,14.3,0.0,16.5,0.0,350842,287155.0,0.0,830,41.0,0.0,30,49
Cases,2022-01-01,18-29,3158.2,1882.2,1388.9,1.7,2.3,135521,266118.0,72360.0,4280,5009.0,1005.0,18,29
Deaths,2021-11-06,50-64,5.6,0.0,0.0,0.0,0.0,70859,318525.0,25135.0,4,0.0,0.0,50,64
Cases,2022-03-05,65-79,20.4,18.5,28.8,1.1,0.7,48917,54022.0,156028.0,10,10.0,45.0,65,79
Cases,2022-08-27,18-29,256.7,98.6,148.4,2.6,1.7,91147,211921.0,160373.0,234,209.0,238.0,18,29
Cases,2021-07-03,80+,3.0,0.0,0.0,0.0,0.0,33360,51317.0,0.0,1,0.0,0.0,80,200
Cases,2021-10-30,80+,43.6,49.9,11.5,0.9,3.8,29835,46071.0,8679.0,13,23.0,1.0,80,200
Deaths,2021-08-14,50-64,9.6,0.0,0.0,0.0,0.0,94229,318064.0,0.0,9,0.0,0.0,50,64
Deaths,2022-08-13,65-79,0.0,4.5,0.0,0.0,0.0,45801,44391.0,169993.0,0,2.0,0.0,65,79
Cases,2021-04-10,80+,101.4,29.7,0.0,3.4,0.0,40425,30292.0,0.0,41,9.0,0.0,80,200
Cases,2021-12-11,80+,147.7,172.6,57.1,0.9,2.6,28442,27803.0,28010.0,42,48.0,16.0,80,200
Hospitalizations,2022-02-05,80+,54.8,156.1,29.5,0.4,1.9,27390,16013.0,40692.0,15,25.0,12.0,80,200
Hospitalizations,2021-04-24,80+,68.4,7.7,0.0,8.9,0.0,38015,38918.0,0.0,26,3.0,0.0,80,200
Hospitalizations,2021-12-25,All,72.5,28.4,11.8,2.6,6.1,814632,1161444.0,517372.0,591,330.0,61.0,999,999
Deaths,2023-07-15,65-79,0.0,0.0,0.0,0.0,0.0,39336,43424.0,171745.0,0,0.0,0.0,65,79
Cases,2021-10-23,80+,73.1,29.2,15.0,2.5,4.9,30106,47937.0,6673.0,22,14.0,1.0,80,200
Deaths,2022-03-12,50-64,0.0,1.4,0.4,0.0,0.0,46039,142268.0,222350.0,0,2.0,1.0,50,64
Hospitalizations,2022-07-09,30-49,10.2,5.3,2.9,1.9,3.5,127602,280376.0,340282.0,13,15.0,10.0,30,49
Deaths,2021-05-22,30-49,1.2,0.0,0.0,0.0,0.0,324620,366867.0,0.0,4,0.0,0.0,30,49
Hospitalizations,2022-07-23,50-64,33.9,12.5,12.8,2.7,2.6,41269,128418.0,242018.0,14,16.0,31.0,50,64
Hospitalizations,2022-09-17,18-29,6.7,0.0,0.6,0.0,11.2,89805,211472.0,161406.0,6,0.0,1.0,18,29
Hospitalizations,2022-03-19,18-29,7.0,1.4,0.7,5.0,10.0,99842,220707.0,143769.0,7,3.0,1.0,18,29
Deaths,2023-04-29,50-64,3.0,0.0,0.0,0.0,0.0,33180,125733.0,246904.0,1,0.0,0.0,50,64
Cases,2022-01-08,80+,1269.1,1641.7,688.4,0.8,1.8,27814,19309.0,37045.0,353,317.0,255.0,80,200
Cases,2021-08-14,65-79,119.7,56.3,0.0,2.1,0.0,67653,193586.0,0.0,81,109.0,0.0,65,79
Cases,2021-07-24,30-49,98.8,38.8,0.0,2.5,0.0,272185,492321.0,0.0,269,191.0,0.0,30,49
Hospitalizations,2023-05-27,65-79,5.1,11.5,8.2,0.4,0.6,39507,43436.0,171730.0,2,5.0,14.0,65,79
Cases,2023-07-22,All,24.7,9.3,16.6,2.7,1.5,530682,860314.0,1040764.0,131,80.0,173.0,999,999
Deaths,2021-12-18,80+,38.9,24.1,3.2,1.6,12.2,28242,24945.0,31019.0,11,6.0,1.0,80,200
Hospitalizations,2022-04-09,30-49,4.5,1.0,2.4,4.5,1.9,132219,289629.0,326607.0,6,3.0,8.0,30,49
Cases,2023-11-18,All,72.6,28.7,55.4,2.5,1.3,507068,862707.0,1047121.0,368,248.0,580.0,999,999
Cases,2022-12-31,30-49,173.3,82.2,114.9,2.1,1.5,113126,277262.0,347197.0,196,228.0,399.0,30,49
Cases,2022-11-12,All,152.9,85.7,111.2,1.8,1.4,570386,848167.0,1039564.0,872,727.0,1156.0,999,999
Deaths,2023-07-08,30-49,0.0,0.0,0.0,0.0,0.0,107855,278403.0,347309.0,0,0.0,0.0,30,49
Cases,2023-04-29,30-49,65.9,20.5,29.9,3.2,2.2,109218,278370.0,347292.0,72,57.0,104.0,30,49
Cases,2022-12-17,All,232.8,139.1,187.3,1.7,1.2,558425,852606.0,1039974.0,1300,1186.0,1948.0,999,999
Cases,2023-11-18,65-79,85.6,81.5,96.2,1.1,0.9,37394,44197.0,172519.0,32,36.0,166.0,65,79
Cases,2022-05-21,All,304.7,223.1,353.4,1.4,0.9,644984,883996.0,965236.0,1965,1972.0,3411.0,999,999
Hospitalizations,2022-11-05,All,15.3,5.2,7.7,2.9,2.0,573510,847144.0,1039435.0,88,44.0,80.0,999,999
Deaths,2023-05-20,All,0.4,0.0,0.1,0.0,4.0,535909,860356.0,1040655.0,2,0.0,1.0,999,999
Hospitalizations,2022-03-19,All,5.1,2.4,2.0,2.1,2.6,662148,905646.0,919703.0,34,22.0,18.0,999,999
Hospitalizations,2022-10-15,65-79,27.6,39.2,22.2,0.7,1.2,43523,43397.0,171429.0,12,17.0,38.0,65,79
Deaths,2023-01-14,50-64,2.9,0.0,0.0,0.0,0.0,34510,125451.0,246827.0,1,0.0,0.0,50,64
Cases,2021-11-27,80+,149.0,108.0,18.1,1.4,8.2,28858,33319.0,22158.0,43,36.0,4.0,80,200
Cases,2023-05-27,All,23.9,10.8,18.8,2.2,1.3,535220,860357.0,1040665.0,128,93.0,196.0,999,999
Deaths,2023-01-21,50-64,0.0,0.0,0.0,0.0,0.0,34398,125483.0,246834.0,0,0.0,0.0,50,64
Hospitalizations,2023-02-04,30-49,8.1,2.5,2.0,3.2,4.0,111518,277594.0,347241.0,9,7.0,7.0,30,49
Cases,2022-12-17,80+,209.0,474.8,337.5,0.4,0.6,24877,11373.0,47108.0,52,54.0,159.0,80,200
Cases,2022-05-07,80+,82.1,174.0,182.6,0.5,0.4,26811,13219.0,44353.0,22,23.0,81.0,80,200
Deaths,2023-10-21,30-49,0.0,0.0,0.0,0.0,0.0,103249,278946.0,347858.0,0,0.0,0.0,30,49
Hospitalizations,2023-01-07,50-64,46.2,8.0,11.3,5.8,4.1,34669,125434.0,246821.0,16,10.0,28.0,50,64
Deaths,2021-04-10,All,1.9,0.3,0.0,6.3,0.0,1707958,396727.0,0.0,32,1.0,0.0,999,999
Deaths,2023-10-21,65-79,0.0,0.0,0.6,0.0,0.0,38192,43745.0,172021.0,0,0.0,1.0,65,79
Hospitalizations,2023-08-19,80+,20.4,17.6,29.7,1.2,0.7,24470,11380.0,47133.0,5,2.0,14.0,80,200
Cases,2022-10-01,50-64,217.9,69.5,96.9,3.1,2.2,39014,125154.0,246575.0,85,87.0,239.0,50,64
Cases,2022-10-22,All,125.3,68.5,99.7,1.8,1.3,580379,845220.0,1038858.0,727,579.0,1036.0,999,999
Hospitalizations,2021-09-18,18-29,5.5,1.0,0.0,5.5,0.0,181678,301822.0,0.0,10,3.0,0.0,18,29
Cases,2023-03-25,50-64,134.1,50.1,62.8,2.7,2.1,33548,125665.0,246890.0,45,63.0,155.0,50,64
Hospitalizations,2023-06-24,65-79,5.1,0.0,6.4,0.0,0.8,39394,43428.0,171739.0,2,0.0,11.0,65,79
Hospitalizations,2021-11-13,18-29,5.6,1.0,0.0,5.6,0.0,160183,311808.0,14313.0,9,3.0,0.0,18,29
Deaths,2021-05-22,18-29,0.4,0.0,0.0,0.0,0.0,254347,182708.0,0.0,1,0.0,0.0,18,29
Deaths,2021-11-27,30-49,2.1,0.4,0.0,5.2,0.0,189760,487368.0,82444.0,4,2.0,0.0,30,49
Cases,2022-07-23,80+,155.6,385.1,246.5,0.4,0.6,26357,11946.0,46252.0,41,46.0,114.0,80,200
Cases,2021-08-28,18-29,301.8,89.1,0.0,3.4,0.0,193516,291685.0,0.0,584,260.0,0.0,18,29
Deaths,2022-06-18,80+,0.0,0.0,4.4,0.0,0.0,26513,12369.0,45641.0,0,0.0,2.0,80,200
Hospitalizations,2021-12-18,All,51.6,14.3,6.3,3.6,8.2,829865,1210623.0,447192.0,428,173.0,28.0,999,999
Hospitalizations,2021-06-19,50-64,10.5,0.0,0.0,0.0,0.0,114456,287354.0,0.0,12,0.0,0.0,50,64
Hospitalizations,2022-07-30,18-29,11.9,3.8,3.2,3.1,3.7,92439,213184.0,158188.0,11,8.0,5.0,18,29
Cases,2023-09-09,80+,69.5,70.3,123.1,1.0,0.6,24452,11380.0,47133.0,17,8.0,58.0,80,200
Hospitalizations,2021-05-22,80+,34.1,4.2,0.0,8.1,0.0,35155,47103.0,0.0,12,2.0,0.0,80,200
Cases,2022-07-09,50-64,433.7,144.7,264.5,3.0,1.6,41738,129197.0,240866.0,181,187.0,637.0,50,64
Hospitalizations,2023-06-24,50-64,3.1,0.0,0.8,0.0,3.9,32713,125736.0,246925.0,1,0.0,2.0,50,64
Hospitalizations,2021-12-04,80+,139.7,67.2,15.4,2.1,9.1,28623,29758.0,25961.0,40,20.0,4.0,80,200
Cases,2022-10-01,30-49,127.9,50.4,90.2,2.5,1.4,122014,276030.0,346933.0,156,139.0,313.0,30,49
Deaths,2021-04-03,50-64,3.8,0.0,0.0,0.0,0.0,234356,66383.0,0.0,9,0.0,0.0,50,64
Cases,2021-11-06,30-49,240.6,95.5,25.1,2.5,9.6,199928,527699.0,31898.0,481,504.0,8.0,30,49
Hospitalizations,2022-07-30,80+,72.2,84.3,77.6,0.9,0.9,26322,11862.0,46378.0,19,10.0,36.0,80,200
Cases,2023-11-11,80+,87.4,155.1,135.3,0.6,0.6,24027,11603.0,47294.0,21,18.0,64.0,80,200
Deaths,2023-06-10,50-64,3.0,0.0,0.0,0.0,0.0,32808,125744.0,246916.0,1,0.0,0.0,50,64
Hospitalizations,2021-05-15,80+,53.2,4.4,0.0,12.1,0.0,35729,45820.0,0.0,19,2.0,0.0,80,200
Deaths,2023-03-11,18-29,0.0,0.0,0.0,0.0,0.0,76587,213618.0,161667.0,0,0.0,0.0,18,29
Cases,2023-03-11,80+,77.0,131.8,129.4,0.6,0.6,24673,11378.0,47126.0,19,15.0,61.0,80,200
Deaths,2021-05-01,18-29,0.0,0.0,0.0,0.0,0.0,284798,107854.0,0.0,0,0.0,0.0,18,29
Hospitalizations,2021-09-25,65-79,39.5,9.3,0.0,4.2,0.0,63251,193577.0,0.0,25,18.0,0.0,65,79
Hospitalizations,2022-01-29,65-79,97.9,68.7,21.3,1.4,4.6,50056,62587.0,145762.0,49,43.0,31.0,65,79
Hospitalizations,2021-06-12,65-79,17.2,2.7,0.0,6.4,0.0,75414,181840.0,0.0,13,5.0,0.0,65,79
Deaths,2022-04-09,50-64,0.0,0.7,0.4,0.0,0.0,44900,137887.0,228401.0,0,1.0,1.0,50,64
Deaths,2021-11-27,18-29,0.6,0.0,0.0,0.0,0.0,154874,305350.0,24726.0,1,0.0,0.0,18,29
Deaths,2021-08-07,80+,6.2,3.8,0.0,1.6,0.0,32284,52589.0,0.0,2,2.0,0.0,80,200
Cases,2022-07-30,65-79,241.5,191.0,238.3,1.3,1.0,45965,45025.0,169088.0,111,86.0,403.0,65,79
Cases,2022-05-07,All,264.5,199.6,339.7,1.3,0.8,648754,888946.0,956808.0,1716,1774.0,3250.0,999,999
Hospitalizations,2022-07-09,80+,53.0,140.6,63.0,0.4,0.8,26425,12088.0,46042.0,14,17.0,29.0,80,200
Deaths,2021-06-26,All,0.4,0.2,0.0,2.0,0.0,1221600,1290050.0,0.0,5,2.0,0.0,999,999
Cases,2023-04-01,65-79,77.7,71.4,74.5,1.1,1.0,39878,43429.0,171712.0,31,31.0,128.0,65,79
Cases,2023-06-10,18-29,13.4,4.7,3.1,2.9,4.3,74610,214134.0,161697.0,10,10.0,5.0,18,29
Hospitalizations,2021-05-22,50-64,55.7,0.4,0.0,139.2,0.0,131081,237808.0,0.0,73,1.0,0.0,50,64
Hospitalizations,2023-01-07,80+,96.8,149.5,91.3,0.6,1.1,24805,11369.0,47117.0,24,17.0,43.0,80,200
Deaths,2023-10-07,50-64,0.0,0.0,0.4,0.0,0.0,31672,125732.0,247019.0,0,0.0,1.0,50,64
Deaths,2022-09-24,65-79,0.0,0.0,0.6,0.0,0.0,44762,43407.0,171353.0,0,0.0,1.0,65,79
Cases,2023-01-07,80+,137.1,246.3,208.0,0.6,0.7,24805,11369.0,47117.0,34,28.0,98.0,80,200
Deaths,2022-08-06,18-29,0.0,0.0,0.0,0.0,0.0,92082,212811.0,158786.0,0,0.0,0.0,18,29
Cases,2023-05-20,18-29,46.7,8.9,10.5,5.2,4.4,75004,214136.0,161691.0,35,19.0,17.0,18,29
Cases,2022-01-29,65-79,315.6,234.9,150.9,1.3,2.1,50056,62587.0,145762.0,158,147.0,220.0,65,79
Deaths,2021-08-28,18-29,0.0,0.0,0.0,0.0,0.0,193516,291685.0,0.0,0,0.0,0.0,18,29
Cases,2021-04-24,All,202.7,22.4,0.0,9.0,0.0,1530109,593621.0,0.0,3101,133.0,0.0,999,999
Deaths,2021-04-24,30-49,1.0,0.0,0.0,0.0,0.0,386715,193096.0,0.0,4,0.0,0.0,30,49
Hospitalizations,2021-10-23,65-79,26.6,7.4,0.0,3.6,0.0,60107,175204.0,25507.0,16,13.0,0.0,65,79
Hospitalizations,2021-07-10,80+,15.1,3.9,0.0,3.9,0.0,33207,51643.0,0.0,5,2.0,0.0,80,200
Hospitalizations,2023-06-10,30-49,2.8,0.4,0.9,7.0,3.1,108308,278398.0,347307.0,3,1.0,3.0,30,49
Deaths,2021-06-05,30-49,1.3,0.0,0.0,0.0,0.0,307403,422678.0,0.0,4,0.0,0.0,30,49
Hospitalizations,2023-06-03,All,1.9,0.9,2.1,2.1,0.9,534701,860357.0,1040674.0,10,8.0,22.0,999,999
Hospitalizations,2022-06-11,18-29,5.3,2.3,1.9,2.3,2.8,94634,215581.0,154206.0,5,5.0,3.0,18,29
Hospitalizations,2022-03-05,30-49,3.0,3.0,0.6,1.0,5.0,135567,295387.0,314346.0,4,9.0,2.0,30,49
Hospitalizations,2023-08-05,50-64,12.3,1.6,1.6,7.7,7.7,32496,125728.0,246934.0,4,2.0,4.0,50,64
Cases,2021-04-10,50-64,262.0,24.9,0.0,10.5,0.0,207234,80426.0,0.0,543,20.0,0.0,50,64
Deaths,2023-07-01,50-64,0.0,0.0,0.4,0.0,0.0,32676,125733.0,246928.0,0,0.0,1.0,50,64
Deaths,2023-02-25,50-64,3.0,0.0,0.0,0.0,0.0,33861,125587.0,246869.0,1,0.0,0.0,50,64
Cases,2021-04-17,80+,117.7,37.5,0.0,3.1,0.0,39089,34683.0,0.0,46,13.0,0.0,80,200
Cases,2021-05-01,80+,116.2,16.6,0.0,7.0,0.0,37001,42149.0,0.0,43,7.0,0.0,80,200
Cases,2021-06-12,All,27.1,5.5,0.0,4.9,0.0,1257017,1201445.0,0.0,341,66.0,0.0,999,999
Hospitalizations,2022-09-24,80+,46.2,44.0,44.6,1.0,1.0,25995,11376.0,47037.0,12,5.0,21.0,80,200
Hospitalizations,2021-08-14,80+,34.3,17.1,0.0,2.0,0.0,32042,52760.0,0.0,11,9.0,0.0,80,200
Hospitalizations,2021-10-02,80+,39.1,13.3,0.0,2.9,0.0,30671,52751.0,0.0,12,7.0,0.0,80,200
Deaths,2021-06-05,65-79,17.0,1.1,0.0,15.5,0.0,76606,179075.0,0.0,13,2.0,0.0,65,79
Hospitalizations,2021-06-26,80+,8.9,0.0,0.0,0.0,0.0,33591,50911.0,0.0,3,0.0,0.0,80,200
Cases,2021-08-07,80+,43.4,28.5,0.0,1.5,0.0,32284,52589.0,0.0,14,15.0,0.0,80,200
Deaths,2022-01-29,30-49,1.4,0.3,0.0,4.7,0.0,145400,318707.0,273200.0,2,1.0,0.0,30,49
Deaths,2022-06-25,All,0.2,0.3,0.3,0.7,0.7,635698,868337.0,988583.0,1,3.0,3.0,999,999
Hospitalizations,2021-11-27,All,23.5,5.2,2.6,4.5,9.0,879918,1338551.0,274264.0,207,70.0,7.0,999,999
Deaths,2022-02-26,18-29,0.0,0.0,0.0,0.0,0.0,102168,220893.0,137242.0,0,0.0,0.0,18,29
Cases,2023-11-18,30-49,91.9,25.8,39.3,3.6,2.3,100114,279360.0,348926.0,92,72.0,137.0,30,49
Cases,2022-09-24,All,120.2,59.9,99.0,2.0,1.2,595648,841554.0,1036367.0,716,504.0,1026.0,999,999
Deaths,2023-11-18,18-29,0.0,0.0,0.0,0.0,0.0,68264,215430.0,162672.0,0,0.0,0.0,18,29
Deaths,2023-09-16,50-64,0.0,0.0,0.0,0.0,0.0,32248,125721.0,246942.0,0,0.0,0.0,50,64
Hospitalizations,2022-02-26,18-29,6.9,1.4,0.7,4.9,9.9,102168,220893.0,137242.0,7,3.0,1.0,18,29
Hospitalizations,2023-02-04,18-29,9.0,1.4,1.2,6.4,7.5,77612,213252.0,161643.0,7,3.0,2.0,18,29
Deaths,2023-02-11,18-29,0.0,0.0,0.0,0.0,0.0,77378,213351.0,161644.0,0,0.0,0.0,18,29
Hospitalizations,2021-12-25,50-64,233.0,42.5,12.4,5.5,18.8,58797,223663.0,129378.0,137,95.0,16.0,50,64
Hospitalizations,2023-05-06,18-29,2.7,0.5,0.0,5.4,0.0,75322,214130.0,161688.0,2,1.0,0.0,18,29
Deaths,2023-11-18,30-49,0.0,0.0,0.0,0.0,0.0,100114,279360.0,348926.0,0,0.0,0.0,30,49
Cases,2023-07-08,30-49,17.6,5.4,7.8,3.3,2.3,107855,278403.0,347309.0,19,15.0,27.0,30,49
Deaths,2022-01-15,All,14.8,5.2,3.4,2.8,4.4,745375,1023963.0,685691.0,110,53.0,23.0,999,999
Deaths,2022-11-19,30-49,0.0,0.0,0.0,0.0,0.0,115941,276754.0,347089.0,0,0.0,0.0,30,49
Deaths,2021-11-20,50-64,10.4,0.7,0.0,14.9,0.0,67514,297169.0,49704.0,7,2.0,0.0,50,64
Hospitalizations,2021-06-19,All,2.7,0.3,0.0,9.0,0.0,1238489,1241729.0,0.0,34,4.0,0.0,999,999
Hospitalizations,2022-11-05,50-64,46.1,5.6,6.5,8.2,7.1,36895,125268.0,246677.0,17,7.0,16.0,50,64
Deaths,2022-12-10,65-79,0.0,0.0,1.2,0.0,0.0,41147,43350.0,171635.0,0,0.0,2.0,65,79
Hospitalizations,2022-08-27,50-64,47.1,10.3,8.6,4.6,5.5,40343,125946.0,245378.0,19,13.0,21.0,50,64
Cases,2023-04-01,80+,65.0,87.9,110.3,0.7,0.6,24634,11382.0,47126.0,16,10.0,52.0,80,200
Deaths,2022-07-02,50-64,2.4,0.0,0.0,0.0,0.0,41916,129677.0,240221.0,1,0.0,0.0,50,64
Deaths,2022-02-19,50-64,0.0,0.7,0.0,0.0,0.0,47217,148975.0,212791.0,0,1.0,0.0,50,64
Cases,2022-04-30,All,205.3,145.1,238.8,1.4,0.9,650306,891088.0,952817.0,1335,1293.0,2275.0,999,999
Cases,2021-08-07,50-64,166.4,55.7,0.0,3.0,0.0,96770,316026.0,0.0,161,176.0,0.0,50,64
Hospitalizations,2021-07-17,65-79,18.3,1.6,0.0,11.4,0.0,71101,190176.0,0.0,13,3.0,0.0,65,79
Hospitalizations,2022-10-15,All,9.2,6.3,7.1,1.5,1.3,584290,844343.0,1038311.0,54,53.0,74.0,999,999
Cases,2023-02-25,All,119.8,69.0,96.2,1.7,1.2,545222,857371.0,1040416.0,653,592.0,1001.0,999,999
Hospitalizations,2022-10-01,All,6.9,3.6,7.6,1.9,0.9,591822,842535.0,1037067.0,41,30.0,79.0,999,999
Cases,2022-04-02,18-29,117.5,46.8,159.2,2.5,0.7,98738,219958.0,146325.0,116,103.0,233.0,18,29
Cases,2021-05-29,50-64,105.1,7.8,0.0,13.5,0.0,125545,255939.0,0.0,132,20.0,0.0,50,64
Hospitalizations,2021-08-21,65-79,39.0,8.8,0.0,4.4,0.0,66724,194251.0,0.0,26,17.0,0.0,65,79
Hospitalizations,2022-01-08,65-79,377.9,233.6,47.9,1.6,7.9,51599,73634.0,133598.0,195,172.0,64.0,65,79
Hospitalizations,2022-08-06,All,15.3,6.9,10.2,2.2,1.5,614334,850591.0,1014163.0,94,59.0,103.0,999,999
Hospitalizations,2022-03-26,50-64,6.6,4.3,0.9,1.5,7.3,45447,140025.0,225645.0,3,6.0,2.0,50,64
Hospitalizations,2023-02-11,All,8.4,4.2,7.1,2.0,1.2,547298,856543.0,1040368.0,46,36.0,74.0,999,999
Cases,2023-05-13,30-49,54.2,16.5,24.5,3.3,2.2,108868,278401.0,347295.0,59,46.0,85.0,30,49
Cases,2023-07-08,All,12.4,6.0,9.8,2.1,1.3,531904,860327.0,1040745.0,66,52.0,102.0,999,999
Cases,2023-06-10,65-79,12.7,16.1,21.0,0.8,0.6,39441,43434.0,171732.0,5,7.0,36.0,65,79
Hospitalizations,2021-12-18,65-79,175.8,52.7,11.7,3.3,15.0,53484,94857.0,110903.0,94,50.0,13.0,65,79
Deaths,2021-11-13,50-64,8.7,0.6,0.0,14.5,0.0,69301,308448.0,36865.0,6,2.0,0.0,50,64
Deaths,2023-08-19,80+,0.0,8.8,2.1,0.0,0.0,24470,11380.0,47133.0,0,1.0,1.0,80,200
Deaths,2021-12-25,18-29,0.0,0.0,0.0,0.0,0.0,139528,277971.0,58804.0,0,0.0,0.0,18,29
Hospitalizations,2022-02-19,All,6.1,5.3,3.3,1.2,1.8,677481,910869.0,868745.0,41,48.0,29.0,999,999
Deaths,2023-08-26,All,0.4,0.0,0.1,0.0,4.0,527758,860290.0,1040810.0,2,0.0,1.0,999,999
Deaths,2023-08-05,30-49,0.0,0.0,0.0,0.0,0.0,107409,278402.0,347313.0,0,0.0,0.0,30,49
Deaths,2021-07-10,18-29,0.0,0.0,0.0,0.0,0.0,221917,267760.0,0.0,0,0.0,0.0,18,29
Cases,2021-05-01,65-79,148.6,15.7,0.0,9.5,0.0,86807,152729.0,0.0,129,24.0,0.0,65,79
Hospitalizations,2022-10-08,30-49,7.4,1.1,1.7,6.7,4.4,121106,276136.0,346953.0,9,3.0,6.0,30,49
Cases,2023-03-25,30-49,94.5,45.3,53.3,2.1,1.8,110064,278072.0,347275.0,104,126.0,185.0,30,49
Hospitalizations,2022-07-09,18-29,6.4,4.7,1.9,1.4,3.4,93482,214304.0,156355.0,6,10.0,3.0,18,29
Hospitalizations,2023-07-08,80+,4.1,8.8,6.4,0.5,0.6,24498,11383.0,47130.0,1,1.0,3.0,80,200
Deaths,2023-10-28,All,0.2,0.3,0.2,0.7,1.0,514722,862266.0,1043533.0,1,3.0,2.0,999,999
Deaths,2022-07-23,50-64,2.4,0.0,0.0,0.0,0.0,41269,128418.0,242018.0,1,0.0,0.0,50,64
Deaths,2023-05-13,50-64,0.0,0.0,0.0,0.0,0.0,33018,125743.0,246910.0,0,0.0,0.0,50,64
Deaths,2021-05-22,50-64,6.1,0.0,0.0,0.0,0.0,131081,237808.0,0.0,8,0.0,0.0,50,64
Deaths,2022-12-10,18-29,0.0,0.0,0.0,0.0,0.0,80480,212671.0,161589.0,0,0.0,0.0,18,29
Cases,2021-12-25,18-29,2798.7,1702.3,1520.3,1.6,1.8,139528,277971.0,58804.0,3905,4732.0,894.0,18,29
Deaths,2022-01-01,30-49,3.6,0.3,0.0,12.0,0.0,168393,380138.0,202387.0,6,1.0,0.0,30,49
Deaths,2022-04-02,65-79,0.0,1.9,0.0,0.0,0.0,48452,51564.0,159143.0,0,1.0,0.0,65,79
Deaths,2021-06-12,65-79,13.3,0.0,0.0,0.0,0.0,75414,181840.0,0.0,10,0.0,0.0,65,79
Deaths,2022-06-04,80+,7.5,7.9,4.4,0.9,1.7,26586,12627.0,45272.0,2,1.0,2.0,80,200
Deaths,2022-03-26,80+,0.0,14.2,0.0,0.0,0.0,27071,14053.0,43109.0,0,2.0,0.0,80,200
Deaths,2021-06-19,50-64,7.0,0.0,0.0,0.0,0.0,114456,287354.0,0.0,8,0.0,0.0,50,64
Cases,2022-06-25,65-79,223.3,157.1,177.8,1.4,1.3,46578,46462.0,167052.0,104,73.0,297.0,65,79
Hospitalizations,2022-01-01,30-49,102.1,27.4,8.4,3.7,12.2,168393,380138.0,202387.0,172,104.0,17.0,30,49
Deaths,2023-09-30,18-29,0.0,0.0,0.0,0.0,0.0,72503,214130.0,161728.0,0,0.0,0.0,18,29
Deaths,2023-07-22,18-29,0.0,0.0,0.0,0.0,0.0,73902,214135.0,161709.0,0,0.0,0.0,18,29
Hospitalizations,2022-06-04,18-29,11.6,3.7,2.0,3.1,5.8,94995,215928.0,153584.0,11,8.0,3.0,18,29
Cases,2022-04-23,30-49,162.2,104.2,301.1,1.6,0.5,131359,287869.0,329404.0,213,300.0,992.0,30,49
Hospitalizations,2021-11-13,50-64,44.7,4.2,0.0,10.6,0.0,69301,308448.0,36865.0,31,13.0,0.0,50,64
Hospitalizations,2021-09-18,All,15.8,3.2,0.0,4.9,0.0,1033219,1487228.0,0.0,163,47.0,0.0,999,999
Deaths,2021-12-11,18-29,0.7,0.0,0.0,0.0,0.0,147702,295416.0,37772.0,1,0.0,0.0,18,29
Deaths,2023-10-21,50-64,0.0,0.0,0.0,0.0,0.0,31095,125782.0,247254.0,0,0.0,0.0,50,64
Cases,2022-09-03,80+,148.8,209.3,230.2,0.7,0.6,26205,11466.0,46907.0,39,24.0,108.0,80,200
Deaths,2021-07-10,All,0.7,0.0,0.0,0.0,0.0,1194853,1348222.0,0.0,8,0.0,0.0,999,999
Hospitalizations,2021-07-24,50-64,17.6,1.0,0.0,17.6,0.0,102426,311064.0,0.0,18,3.0,0.0,50,64
Hospitalizations,2023-09-09,65-79,28.1,13.8,18.6,2.0,1.5,39140,43415.0,171755.0,11,6.0,32.0,65,79
Deaths,2023-06-10,65-79,0.0,0.0,1.2,0.0,0.0,39441,43434.0,171732.0,0,0.0,2.0,65,79
Cases,2021-11-13,18-29,246.0,102.9,27.9,2.4,8.8,160183,311808.0,14313.0,394,321.0,4.0,18,29
Hospitalizations,2022-02-05,50-64,36.9,7.6,9.4,4.9,3.9,48776,157818.0,201587.0,18,12.0,19.0,50,64
Deaths,2022-11-19,18-29,0.0,0.0,0.0,0.0,0.0,82036,212422.0,161555.0,0,0.0,0.0,18,29
Hospitalizations,2021-09-11,All,16.3,3.8,0.0,4.3,0.0,1046939,1475716.0,0.0,171,56.0,0.0,999,999
Hospitalizations,2021-12-18,30-49,53.8,8.4,3.4,6.4,15.8,176574,429933.0,147317.0,95,36.0,5.0,30,49
Hospitalizations,2021-05-15,50-64,44.6,2.7,0.0,16.5,0.0,139168,218624.0,0.0,62,6.0,0.0,50,64
Deaths,2021-06-19,65-79,2.7,1.1,0.0,2.5,0.0,74281,183897.0,0.0,2,2.0,0.0,65,79
Cases,2023-08-12,All,39.5,16.7,32.1,2.4,1.2,528906,860313.0,1040782.0,209,144.0,334.0,999,999
Deaths,2022-09-03,65-79,4.4,0.0,0.0,0.0,0.0,45582,43748.0,170866.0,2,0.0,0.0,65,79
Deaths,2022-10-08,30-49,0.0,0.4,0.3,0.0,0.0,121106,276136.0,346953.0,0,1.0,1.0,30,49
Deaths,2021-06-12,All,2.1,0.2,0.0,10.5,0.0,1257017,1201445.0,0.0,27,2.0,0.0,999,999
Cases,2023-08-05,All,28.9,13.1,25.2,2.2,1.1,529533,860315.0,1040778.0,153,113.0,262.0,999,999
Cases,2022-07-30,80+,152.0,219.2,252.3,0.7,0.6,26322,11862.0,46378.0,40,26.0,117.0,80,200
Cases,2023-11-11,65-79,77.1,58.9,67.3,1.3,1.1,37622,44141.0,172402.0,29,26.0,116.0,65,79
Cases,2023-03-11,65-79,97.5,94.4,95.5,1.0,1.0,40003,43418.0,171704.0,39,41.0,164.0,65,79
Cases,2023-11-04,30-49,58.0,21.5,21.8,2.7,2.7,101766,279203.0,348427.0,59,60.0,76.0,30,49
Deaths,2023-03-04,65-79,0.0,0.0,2.9,0.0,0.0,40040,43409.0,171702.0,0,0.0,5.0,65,79
Hospitalizations,2022-05-28,80+,48.8,70.5,44.4,0.7,1.1,26624,12774.0,45035.0,13,9.0,20.0,80,200
Cases,2021-11-13,50-64,274.2,87.9,24.4,3.1,11.2,69301,308448.0,36865.0,190,271.0,9.0,50,64
Cases,2022-09-24,65-79,127.3,82.9,103.9,1.5,1.2,44762,43407.0,171353.0,57,36.0,178.0,65,79
Hospitalizations,2023-08-12,18-29,1.4,0.9,1.2,1.6,1.2,73575,214133.0,161715.0,1,2.0,2.0,18,29
Hospitalizations,2023-03-04,65-79,32.5,32.3,11.1,1.0,2.9,40040,43409.0,171702.0,13,14.0,19.0,65,79
Deaths,2022-08-06,30-49,0.0,0.0,0.0,0.0,0.0,126294,278159.0,343405.0,0,0.0,0.0,30,49
Deaths,2022-01-22,65-79,65.4,28.8,2.1,2.3,31.1,50480,66009.0,141953.0,33,19.0,3.0,65,79
Deaths,2022-09-24,80+,3.8,17.6,6.4,0.2,0.6,25995,11376.0,47037.0,1,2.0,3.0,80,200
Hospitalizations,2021-06-26,All,2.6,0.5,0.0,5.2,0.0,1221600,1290050.0,0.0,32,7.0,0.0,999,999
Hospitalizations,2022-02-26,30-49,7.3,1.3,2.3,5.6,3.2,136458,296367.0,310294.0,10,4.0,7.0,30,49
Cases,2021-05-22,50-64,185.4,13.5,0.0,13.7,0.0,131081,237808.0,0.0,243,32.0,0.0,50,64
Hospitalizations,2023-09-02,All,4.0,2.4,4.7,1.7,0.9,527182,860288.0,1040815.0,21,21.0,49.0,999,999
Hospitalizations,2021-09-04,65-79,39.9,7.2,0.0,5.5,0.0,65150,194427.0,0.0,26,14.0,0.0,65,79
Deaths,2022-09-03,80+,3.8,0.0,4.3,0.0,0.9,26205,11466.0,46907.0,1,0.0,2.0,80,200
Hospitalizations,2023-11-04,80+,16.6,51.9,25.4,0.3,0.7,24080,11553.0,47261.0,4,6.0,12.0,80,200
Hospitalizations,2023-07-22,50-64,9.2,0.0,0.8,0.0,11.5,32565,125729.0,246933.0,3,0.0,2.0,50,64
Cases,2023-06-17,18-29,8.1,3.7,6.8,2.2,1.2,74493,214135.0,161700.0,6,8.0,11.0,18,29
Cases,2021-09-18,18-29,235.0,71.9,0.0,3.3,0.0,181678,301822.0,0.0,427,217.0,0.0,18,29
Deaths,2021-10-02,50-64,5.1,0.3,0.0,17.0,0.0,79080,330032.0,0.0,4,1.0,0.0,50,64
Hospitalizations,2021-12-25,80+,196.0,211.6,32.9,0.9,6.0,28067,22679.0,33427.0,55,48.0,11.0,80,200
Cases,2022-09-03,30-49,236.5,114.0,159.8,2.1,1.5,125170,276368.0,345994.0,296,315.0,553.0,30,49
Cases,2021-12-25,All,1662.3,1359.4,815.3,1.2,2.0,814632,1161444.0,517372.0,13542,15789.0,4218.0,999,999
Deaths,2023-01-21,18-29,0.0,0.0,0.0,0.0,0.0,78128,213123.0,161635.0,0,0.0,0.0,18,29
Deaths,2021-04-24,All,2.5,0.3,0.0,8.3,0.0,1530109,593621.0,0.0,38,2.0,0.0,999,999
Deaths,2021-05-22,65-79,21.4,0.0,0.0,0.0,0.0,79541,171129.0,0.0,17,0.0,0.0,65,79
Hospitalizations,2021-05-08,65-79,63.0,5.6,0.0,11.2,0.0,84155,160587.0,0.0,53,9.0,0.0,65,79
Deaths,2022-08-27,80+,11.4,17.3,2.1,0.7,5.4,26217,11529.0,46830.0,3,2.0,1.0,80,200
Deaths,2022-04-16,65-79,0.0,0.0,0.6,0.0,0.0,48067,50646.0,160443.0,0,0.0,1.0,65,79
Hospitalizations,2022-05-28,30-49,14.7,2.8,3.6,5.2,4.1,129368,283855.0,335115.0,19,8.0,12.0,30,49
Hospitalizations,2022-03-26,18-29,2.0,0.5,0.7,4.0,2.9,99220,220462.0,145029.0,2,1.0,1.0,18,29
Deaths,2022-10-01,30-49,0.0,0.0,0.3,0.0,0.0,122014,276030.0,346933.0,0,0.0,1.0,30,49
Hospitalizations,2023-04-15,80+,8.1,26.4,38.2,0.3,0.2,24612,11385.0,47126.0,2,3.0,18.0,80,200
Deaths,2022-01-01,All,8.9,2.6,1.4,3.4,6.4,797277,1104766.0,587380.0,71,29.0,8.0,999,999
Hospitalizations,2022-01-08,30-49,91.0,28.2,10.8,3.2,8.4,161589,361224.0,223160.0,147,102.0,24.0,30,49
Deaths,2022-12-31,65-79,7.4,0.0,0.6,0.0,12.3,40666,43359.0,171676.0,3,0.0,1.0,65,79
Deaths,2023-08-12,80+,0.0,0.0,0.0,0.0,0.0,24472,11382.0,47131.0,0,0.0,0.0,80,200
Hospitalizations,2022-05-21,30-49,7.7,4.6,2.4,1.7,3.2,129750,284685.0,334000.0,10,13.0,8.0,30,49
Hospitalizations,2022-12-31,65-79,44.3,39.2,33.8,1.1,1.3,40666,43359.0,171676.0,18,17.0,58.0,65,79
Deaths,2022-04-16,18-29,0.0,0.0,0.0,0.0,0.0,97780,218922.0,148408.0,0,0.0,0.0,18,29
Cases,2021-10-16,30-49,159.7,57.7,0.0,2.8,0.0,210412,535672.0,0.0,336,309.0,0.0,30,49
Cases,2022-11-12,50-64,240.7,85.4,135.4,2.8,1.8,36564,125287.0,246697.0,88,107.0,334.0,50,64
Deaths,2023-08-12,30-49,0.0,0.0,0.0,0.0,0.0,107297,278401.0,347314.0,0,0.0,0.0,30,49
Cases,2023-07-15,18-29,23.0,5.6,8.7,4.1,2.6,74031,214138.0,161706.0,17,12.0,14.0,18,29
Hospitalizations,2023-07-15,65-79,10.2,2.3,1.2,4.4,8.5,39336,43424.0,171745.0,4,1.0,2.0,65,79
Hospitalizations,2023-02-11,80+,28.3,44.0,36.1,0.6,0.8,24710,11376.0,47122.0,7,5.0,17.0,80,200
Deaths,2023-05-13,30-49,0.0,0.0,0.0,0.0,0.0,108868,278401.0,347295.0,0,0.0,0.0,30,49
Cases,2023-09-09,All,63.4,27.4,50.8,2.3,1.2,526704,860292.0,1040817.0,334,236.0,529.0,999,999
Deaths,2022-11-12,30-49,0.0,0.0,0.0,0.0,0.0,116651,276645.0,347072.0,0,0.0,0.0,30,49
Hospitalizations,2023-08-26,65-79,20.4,9.2,11.6,2.2,1.8,39187,43414.0,171755.0,8,4.0,20.0,65,79
Hospitalizations,2021-07-10,30-49,4.3,0.4,0.0,10.8,0.0,280996,481217.0,0.0,12,2.0,0.0,30,49
Hospitalizations,2022-12-03,All,19.5,9.5,10.6,2.1,1.8,562883,851081.0,1039826.0,110,81.0,110.0,999,999
Cases,2023-12-02,18-29,109.1,35.7,29.5,3.1,3.7,67857,215628.0,162973.0,74,77.0,48.0,18,29
Cases,2022-02-05,18-29,253.7,91.4,152.5,2.8,1.7,108394,225478.0,122651.0,275,206.0,187.0,18,29
Cases,2022-10-08,18-29,119.3,43.0,71.2,2.8,1.7,87155,211790.0,161468.0,104,91.0,115.0,18,29
Hospitalizations,2023-07-22,All,1.9,0.5,1.3,3.8,1.5,530682,860314.0,1040764.0,10,4.0,14.0,999,999
Deaths,2022-02-05,80+,58.4,81.2,2.5,0.7,23.4,27390,16013.0,40692.0,16,13.0,1.0,80,200
Deaths,2023-02-25,65-79,2.5,4.6,0.6,0.5,4.2,40075,43402.0,171700.0,1,2.0,1.0,65,79
Cases,2022-01-08,All,2211.2,1608.9,1136.1,1.4,1.9,771844,1058475.0,641998.0,17067,17030.0,7294.0,999,999
Hospitalizations,2021-10-23,30-49,11.6,0.7,0.0,16.6,0.0,207114,534216.0,17244.0,24,4.0,0.0,30,49
Deaths,2021-08-21,65-79,6.0,1.0,0.0,6.0,0.0,66724,194251.0,0.0,4,2.0,0.0,65,79
Cases,2021-06-19,30-49,29.2,5.3,0.0,5.5,0.0,294504,450450.0,0.0,86,24.0,0.0,30,49
Cases,2022-08-13,80+,137.1,274.3,293.7,0.5,0.5,26264,11664.0,46650.0,36,32.0,137.0,80,200
Hospitalizations,2021-05-22,65-79,49.0,4.7,0.0,10.4,0.0,79541,171129.0,0.0,39,8.0,0.0,65,79
Hospitalizations,2022-11-19,All,12.9,5.8,9.4,2.2,1.4,567313,849096.0,1039651.0,73,49.0,98.0,999,999
Cases,2023-04-08,65-79,72.8,57.6,78.6,1.3,0.9,39837,43431.0,171716.0,29,25.0,135.0,65,79
Deaths,2021-11-06,30-49,2.0,0.0,0.0,0.0,0.0,199928,527699.0,31898.0,4,0.0,0.0,30,49
Hospitalizations,2023-07-29,80+,4.1,70.3,25.5,0.1,0.2,24479,11383.0,47130.0,1,8.0,12.0,80,200
Deaths,2022-12-24,80+,0.0,8.8,17.0,0.0,0.0,24842,11369.0,47114.0,0,1.0,8.0,80,200
Deaths,2023-06-17,80+,0.0,0.0,2.1,0.0,0.0,24516,11383.0,47130.0,0,0.0,1.0,80,200
Hospitalizations,2021-07-24,30-49,8.8,0.6,0.0,14.7,0.0,272185,492321.0,0.0,24,3.0,0.0,30,49
Deaths,2023-09-09,All,0.2,0.0,0.0,0.0,0.0,526704,860292.0,1040817.0,1,0.0,0.0,999,999
Deaths,2021-08-14,All,1.9,0.0,0.0,0.0,0.0,1110584,1424722.0,0.0,21,0.0,0.0,999,999
Cases,2022-10-15,18-29,114.8,32.1,76.8,3.6,1.5,86242,211934.0,161484.0,99,68.0,124.0,18,29
Hospitalizations,2022-08-27,65-79,39.4,36.4,19.9,1.1,2.0,45631,43956.0,170603.0,18,16.0,34.0,65,79
Deaths,2023-06-03,80+,0.0,0.0,2.1,0.0,0.0,24536,11384.0,47129.0,0,0.0,1.0,80,200
Hospitalizations,2021-06-26,30-49,3.5,0.6,0.0,5.8,0.0,289323,463639.0,0.0,10,3.0,0.0,30,49
Hospitalizations,2022-05-07,65-79,21.0,16.2,10.4,1.3,2.0,47611,49260.0,162746.0,10,8.0,17.0,65,79
Cases,2023-05-20,All,34.5,12.6,21.8,2.7,1.6,535909,860356.0,1040655.0,185,108.0,227.0,999,999
Hospitalizations,2021-10-16,All,11.5,2.9,0.0,4.0,0.0,987934,1507974.0,0.0,114,44.0,0.0,999,999
Deaths,2023-05-06,30-49,0.0,0.0,0.0,0.0,0.0,109056,278396.0,347295.0,0,0.0,0.0,30,49
Cases,2023-03-18,All,88.3,49.7,65.7,1.8,1.3,542688,858373.0,1040492.0,479,427.0,684.0,999,999
Deaths,2022-03-05,All,1.2,0.9,0.4,1.3,3.0,668131,908622.0,900419.0,8,8.0,4.0,999,999
Deaths,2022-10-15,18-29,0.0,0.0,0.0,0.0,0.0,86242,211934.0,161484.0,0,0.0,0.0,18,29
Cases,2022-01-01,All,2442.2,1834.6,1063.9,1.3,2.3,797277,1104766.0,587380.0,19471,20268.0,6249.0,999,999
Hospitalizations,2021-12-11,18-29,21.7,0.3,0.0,72.3,0.0,147702,295416.0,37772.0,32,1.0,0.0,18,29
Deaths,2023-03-25,65-79,2.5,0.0,1.2,0.0,2.1,39930,43424.0,171711.0,1,0.0,2.0,65,79
Deaths,2022-09-10,18-29,0.0,0.0,0.0,0.0,0.0,90487,211509.0,161187.0,0,0.0,0.0,18,29
Deaths,2023-04-15,18-29,0.0,0.0,0.0,0.0,0.0,75787,213968.0,161682.0,0,0.0,0.0,18,29
Cases,2022-07-02,18-29,389.3,121.6,291.9,3.2,1.3,93769,214617.0,155854.0,365,261.0,455.0,18,29
Cases,2023-03-18,50-64,121.9,54.9,77.4,2.2,1.6,33625,125634.0,246883.0,41,69.0,191.0,50,64
Deaths,2021-04-10,65-79,7.0,0.9,0.0,7.8,0.0,99368,107437.0,0.0,7,1.0,0.0,65,79
Hospitalizations,2022-05-21,65-79,36.0,35.1,16.5,1.0,2.2,47243,48398.0,164100.0,17,17.0,27.0,65,79
Deaths,2022-10-29,65-79,0.0,4.6,1.2,0.0,0.0,42620,43357.0,171513.0,0,2.0,2.0,65,79
Hospitalizations,2021-05-08,50-64,67.6,4.1,0.0,16.5,0.0,146538,195911.0,0.0,99,8.0,0.0,50,64
Hospitalizations,2023-09-30,All,5.0,1.7,3.8,2.9,1.3,524196,860280.0,1040855.0,26,15.0,40.0,999,999
Cases,2023-05-13,50-64,124.2,19.9,30.8,6.2,4.0,33018,125743.0,246910.0,41,25.0,76.0,50,64
Hospitalizations,2022-04-23,18-29,6.2,3.2,1.3,1.9,4.8,97360,218531.0,149251.0,6,7.0,2.0,18,29
Cases,2021-11-13,30-49,299.2,112.8,36.5,2.7,8.2,196498,516743.0,46608.0,588,583.0,17.0,30,49
Hospitalizations,2021-05-22,30-49,21.6,1.4,0.0,15.4,0.0,324620,366867.0,0.0,70,5.0,0.0,30,49
Hospitalizations,2023-07-15,80+,4.1,0.0,2.1,0.0,2.0,24489,11383.0,47130.0,1,0.0,1.0,80,200
Cases,2023-07-22,30-49,27.9,12.9,15.0,2.2,1.9,107614,278401.0,347312.0,30,36.0,52.0,30,49
Deaths,2022-07-30,80+,3.8,8.4,6.5,0.5,0.6,26322,11862.0,46378.0,1,1.0,3.0,80,200
Hospitalizations,2021-07-10,50-64,4.7,0.3,0.0,15.7,0.0,107073,304806.0,0.0,5,1.0,0.0,50,64
Cases,2021-12-11,All,504.4,212.0,59.3,2.4,8.5,847199,1247588.0,380994.0,4273,2645.0,226.0,999,999
Cases,2023-03-11,50-64,213.6,70.8,87.9,3.0,2.4,33710,125621.0,246881.0,72,89.0,217.0,50,64
Hospitalizations,2021-08-21,30-49,22.1,2.0,0.0,11.0,0.0,249126,508434.0,0.0,55,10.0,0.0,30,49
Cases,2023-03-04,All,118.5,68.4,93.2,1.7,1.3,544398,857702.0,1040439.0,645,587.0,970.0,999,999
Cases,2022-01-22,All,654.1,448.4,372.4,1.5,1.8,724665,989128.0,733279.0,4740,4435.0,2731.0,999,999
Hospitalizations,2023-09-16,30-49,2.8,1.8,0.6,1.6,4.7,106807,278395.0,347325.0,3,5.0,2.0,30,49
Cases,2022-10-15,65-79,126.4,112.9,113.7,1.1,1.1,43523,43397.0,171429.0,55,49.0,195.0,65,79
Hospitalizations,2022-01-15,18-29,48.5,13.7,7.5,3.5,6.5,121679,248007.0,93335.0,59,34.0,7.0,18,29
Hospitalizations,2023-11-18,80+,37.6,43.0,29.6,0.9,1.3,23945,11637.0,47321.0,9,5.0,14.0,80,200
Cases,2023-07-29,18-29,35.2,10.7,16.7,3.3,2.1,73789,214134.0,161712.0,26,23.0,27.0,18,29
Hospitalizations,2022-01-22,All,54.6,25.0,16.5,2.2,3.3,724665,989128.0,733279.0,396,247.0,121.0,999,999
Cases,2023-01-07,18-29,163.6,62.4,82.9,2.6,2.0,78851,212977.0,161629.0,129,133.0,134.0,18,29
Cases,2023-04-15,30-49,69.4,32.7,40.9,2.1,1.7,109559,278257.0,347286.0,76,91.0,142.0,30,49
Deaths,2021-12-04,65-79,23.7,2.7,0.0,8.8,0.0,54957,111079.0,93634.0,13,3.0,0.0,65,79
Cases,2021-09-04,50-64,252.3,66.1,0.0,3.8,0.0,86807,323733.0,0.0,219,214.0,0.0,50,64
Cases,2022-09-17,50-64,188.6,93.5,122.9,2.0,1.5,39763,125132.0,246490.0,75,117.0,303.0,50,64
Cases,2023-06-03,30-49,18.4,7.2,12.4,2.6,1.5,108436,278399.0,347302.0,20,20.0,43.0,30,49
Cases,2023-05-20,30-49,42.3,11.9,13.8,3.6,3.1,108712,278401.0,347297.0,46,33.0,48.0,30,49
Deaths,2022-08-27,All,1.0,0.5,0.2,2.0,5.0,606382,844687.0,1026640.0,6,4.0,2.0,999,999
Cases,2023-01-07,50-64,274.0,91.7,136.1,3.0,2.0,34669,125434.0,246821.0,95,115.0,336.0,50,64
Deaths,2021-10-23,65-79,13.3,1.7,0.0,7.8,0.0,60107,175204.0,25507.0,8,3.0,0.0,65,79
Cases,2022-06-18,80+,90.5,266.8,186.2,0.3,0.5,26513,12369.0,45641.0,24,33.0,85.0,80,200
Hospitalizations,2022-07-16,All,13.5,6.3,11.0,2.1,1.2,623694,859285.0,1001233.0,84,54.0,110.0,999,999
Hospitalizations,2022-09-03,65-79,43.9,32.0,21.7,1.4,2.0,45582,43748.0,170866.0,20,14.0,37.0,65,79
Hospitalizations,2023-03-11,65-79,32.5,18.4,15.7,1.8,2.1,40003,43418.0,171704.0,13,8.0,27.0,65,79
Deaths,2023-07-08,All,0.0,0.0,0.2,0.0,0.0,531904,860327.0,1040745.0,0,0.0,2.0,999,999
Deaths,2022-04-23,50-64,0.0,0.0,0.0,0.0,0.0,44338,136052.0,231012.0,0,0.0,0.0,50,64
Cases,2022-11-12,18-29,200.5,70.2,77.4,2.9,2.6,82776,212328.0,161549.0,166,149.0,125.0,18,29
Cases,2023-02-25,18-29,127.4,41.7,75.5,3.1,1.7,76945,213529.0,161651.0,98,89.0,122.0,18,29
Hospitalizations,2023-08-26,80+,16.4,17.6,27.6,0.9,0.6,24464,11380.0,47133.0,4,2.0,13.0,80,200
Hospitalizations,2021-08-21,All,15.3,3.4,0.0,4.5,0.0,1093280,1437082.0,0.0,167,49.0,0.0,999,999
Cases,2022-10-15,80+,105.4,263.8,178.5,0.4,0.6,25625,11373.0,47058.0,27,30.0,84.0,80,200
Cases,2023-04-22,80+,65.0,96.6,108.2,0.7,0.6,24605,11384.0,47127.0,16,11.0,51.0,80,200
Cases,2022-09-10,80+,175.7,184.1,183.0,1.0,1.0,26174,11409.0,46990.0,46,21.0,86.0,80,200
Deaths,2023-07-29,All,0.2,0.0,0.2,0.0,1.0,530107,860315.0,1040772.0,1,0.0,2.0,999,999
Hospitalizations,2022-10-08,50-64,31.1,3.2,7.7,9.7,4.0,38636,125178.0,246593.0,12,4.0,19.0,50,64
Deaths,2021-08-21,All,1.7,0.3,0.0,5.7,0.0,1093280,1437082.0,0.0,19,4.0,0.0,999,999
Deaths,2022-09-10,All,0.8,0.5,0.3,1.6,2.7,602393,841160.0,1033881.0,5,4.0,3.0,999,999
Hospitalizations,2021-10-30,All,10.0,2.2,0.0,4.5,0.0,968843,1483650.0,92473.0,97,32.0,0.0,999,999
Cases,2022-12-17,65-79,263.9,179.9,223.7,1.5,1.2,40932,43361.0,171648.0,108,78.0,384.0,65,79
Deaths,2023-02-25,18-29,0.0,0.0,0.0,0.0,0.0,76945,213529.0,161651.0,0,0.0,0.0,18,29
Cases,2023-01-28,50-64,177.9,55.0,95.2,3.2,1.9,34286,125502.0,246842.0,61,69.0,235.0,50,64
Deaths,2022-03-05,80+,14.7,34.3,7.1,0.4,2.1,27168,14574.0,42437.0,4,5.0,3.0,80,200
Hospitalizations,2022-03-12,All,3.6,2.2,2.4,1.6,1.5,664996,907380.0,911102.0,24,20.0,22.0,999,999
Hospitalizations,2022-04-02,18-29,2.0,0.0,0.7,0.0,2.9,98738,219958.0,146325.0,2,0.0,1.0,18,29
Deaths,2022-12-31,All,0.9,0.4,0.4,2.2,2.2,555407,853931.0,1040154.0,5,3.0,4.0,999,999
Deaths,2022-12-24,All,0.5,0.1,1.0,5.0,0.5,556867,853365.0,1040060.0,3,1.0,10.0,999,999
Cases,2021-07-17,18-29,66.3,31.6,0.0,2.1,0.0,218646,272102.0,0.0,145,86.0,0.0,18,29
Cases,2023-08-19,18-29,68.0,20.1,26.0,3.4,2.6,73481,214133.0,161716.0,50,43.0,42.0,18,29
Cases,2022-11-26,30-49,178.3,70.8,106.6,2.5,1.7,115507,276843.0,347102.0,206,196.0,370.0,30,49
Deaths,2021-04-17,All,2.2,0.2,0.0,11.0,0.0,1616421,475163.0,0.0,35,1.0,0.0,999,999
Deaths,2022-09-24,30-49,0.0,0.0,0.0,0.0,0.0,122951,275932.0,346890.0,0,0.0,0.0,30,49
Hospitalizations,2023-04-22,All,4.8,1.7,4.0,2.8,1.2,538932,859890.0,1040601.0,26,15.0,42.0,999,999
Deaths,2023-05-27,18-29,0.0,0.0,0.0,0.0,0.0,74841,214134.0,161693.0,0,0.0,0.0,18,29
Deaths,2023-09-09,65-79,2.6,0.0,0.0,0.0,0.0,39140,43415.0,171755.0,1,0.0,0.0,65,79
Hospitalizations,2023-10-14,50-64,12.7,4.0,2.8,3.2,4.5,31377,125742.0,247106.0,4,5.0,7.0,50,64
Cases,2021-06-26,65-79,12.3,1.1,0.0,11.2,0.0,73343,186066.0,0.0,9,2.0,0.0,65,79
Deaths,2022-05-14,30-49,0.0,0.0,0.0,0.0,0.0,130179,285512.0,332845.0,0,0.0,0.0,30,49
Cases,2022-02-19,50-64,146.1,43.6,48.9,3.4,3.0,47217,148975.0,212791.0,69,65.0,104.0,50,64
Cases,2023-05-13,65-79,65.7,46.0,41.3,1.4,1.6,39568,43436.0,171728.0,26,20.0,71.0,65,79
Hospitalizations,2023-10-21,All,4.6,2.0,5.9,2.3,0.8,517086,861860.0,1042471.0,24,17.0,62.0,999,999
Cases,2023-07-15,All,14.3,7.2,12.8,2.0,1.1,531292,860318.0,1040757.0,76,62.0,133.0,999,999
Hospitalizations,2023-05-06,80+,12.2,17.6,25.5,0.7,0.5,24581,11385.0,47127.0,3,2.0,12.0,80,200
Cases,2021-05-08,All,167.4,15.1,0.0,11.1,0.0,1432023,822199.0,0.0,2397,124.0,0.0,999,999
Cases,2021-07-17,50-64,57.1,13.0,0.0,4.4,0.0,105017,308063.0,0.0,60,40.0,0.0,50,64
Hospitalizations,2022-06-25,50-64,28.5,16.1,7.9,1.8,3.6,42094,130098.0,239606.0,12,21.0,19.0,50,64
Cases,2022-01-01,65-79,1702.9,1460.4,701.8,1.2,2.4,52264,79022.0,127818.0,890,1154.0,897.0,65,79
Deaths,2023-07-22,30-49,0.0,0.0,0.0,0.0,0.0,107614,278401.0,347312.0,0,0.0,0.0,30,49
Cases,2023-02-04,All,129.3,72.4,84.6,1.8,1.5,548376,856091.0,1040343.0,709,620.0,880.0,999,999
Deaths,2021-06-12,30-49,1.0,0.0,0.0,0.0,0.0,300339,438852.0,0.0,3,0.0,0.0,30,49
Hospitalizations,2022-01-29,18-29,17.9,2.6,4.4,6.9,4.1,111576,231646.0,114102.0,20,6.0,5.0,18,29
Deaths,2022-11-12,All,0.0,0.4,0.3,0.0,0.0,570386,848167.0,1039564.0,0,3.0,3.0,999,999
Cases,2023-04-08,30-49,63.8,26.6,40.0,2.4,1.6,109729,278197.0,347283.0,70,74.0,139.0,30,49
Hospitalizations,2023-03-04,18-29,3.9,2.8,0.6,1.4,6.5,76784,213571.0,161659.0,3,6.0,1.0,18,29
Hospitalizations,2021-07-03,All,2.9,0.2,0.0,14.5,0.0,1207003,1324045.0,0.0,35,3.0,0.0,999,999
Deaths,2023-07-08,18-29,0.0,0.0,0.0,0.0,0.0,74160,214139.0,161703.0,0,0.0,0.0,18,29
Hospitalizations,2022-11-19,18-29,7.3,3.3,1.9,2.2,3.8,82036,212422.0,161555.0,6,7.0,3.0,18,29
Hospitalizations,2021-11-06,65-79,43.0,16.2,4.8,2.7,9.0,58116,160017.0,41816.0,25,26.0,2.0,65,79
Deaths,2022-11-26,30-49,0.9,0.0,0.0,0.0,0.0,115507,276843.0,347102.0,1,0.0,0.0,30,49
Deaths,2022-04-30,50-64,0.0,0.7,0.0,0.0,0.0,44059,135237.0,232184.0,0,1.0,0.0,50,64
Hospitalizations,2022-09-17,50-64,17.6,4.8,4.9,3.7,3.6,39763,125132.0,246490.0,7,6.0,12.0,50,64
Hospitalizations,2022-08-20,30-49,15.1,4.7,4.6,3.2,3.3,125684,277226.0,344772.0,19,13.0,16.0,30,49
Hospitalizations,2021-10-30,50-64,49.7,1.2,0.0,41.4,0.0,72470,323521.0,18445.0,36,4.0,0.0,50,64
Hospitalizations,2023-07-22,80+,4.1,8.8,8.5,0.5,0.5,24486,11383.0,47130.0,1,1.0,4.0,80,200
Cases,2022-01-01,30-49,3171.7,2009.5,1294.1,1.6,2.5,168393,380138.0,202387.0,5341,7639.0,2619.0,30,49
Hospitalizations,2022-10-01,30-49,4.1,2.2,3.5,1.9,1.2,122014,276030.0,346933.0,5,6.0,12.0,30,49
Hospitalizations,2022-02-12,18-29,7.6,1.4,1.5,5.4,5.1,105504,222132.0,129112.0,8,3.0,2.0,18,29
Hospitalizations,2023-11-25,30-49,8.0,0.4,1.7,20.0,4.7,99562,279385.0,349175.0,8,1.0,6.0,30,49
Deaths,2023-04-08,30-49,0.0,0.0,0.0,0.0,0.0,109729,278197.0,347283.0,0,0.0,0.0,30,49
Hospitalizations,2023-05-06,50-64,15.1,0.8,1.2,18.9,12.6,33091,125743.0,246908.0,5,1.0,3.0,50,64
Hospitalizations,2023-07-15,30-49,0.0,0.0,1.2,0.0,0.0,107746,278401.0,347311.0,0,0.0,4.0,30,49
Hospitalizations,2023-06-17,50-64,6.1,1.6,1.2,3.8,5.1,32757,125738.0,246922.0,2,2.0,3.0,50,64
Deaths,2022-01-01,50-64,24.6,3.9,0.7,6.3,35.1,56937,206986.0,147279.0,14,8.0,1.0,50,64
Hospitalizations,2021-07-17,30-49,6.5,0.0,0.0,0.0,0.0,277043,487172.0,0.0,18,0.0,0.0,30,49
Cases,2022-06-25,18-29,351.9,138.2,271.7,2.5,1.3,94060,214919.0,155323.0,331,297.0,422.0,18,29
Deaths,2023-10-14,All,0.0,0.1,0.1,0.0,0.0,519565,861107.0,1041683.0,0,1.0,1.0,999,999
Hospitalizations,2022-09-17,All,9.3,4.3,7.1,2.2,1.3,599179,840837.0,1035714.0,56,36.0,74.0,999,999
Hospitalizations,2023-04-29,50-64,15.1,4.8,2.4,3.1,6.3,33180,125733.0,246904.0,5,6.0,6.0,50,64
Deaths,2023-01-07,18-29,0.0,0.0,0.0,0.0,0.0,78851,212977.0,161629.0,0,0.0,0.0,18,29
Cases,2022-04-02,80+,18.5,36.0,30.0,0.5,0.6,27040,13879.0,43312.0,5,5.0,13.0,80,200
Cases,2021-04-03,30-49,246.1,27.4,0.0,9.0,0.0,506745,105885.0,0.0,1247,29.0,0.0,30,49
Hospitalizations,2022-02-26,65-79,20.4,10.9,10.3,1.9,2.0,49070,54948.0,154842.0,10,6.0,16.0,65,79
Cases,2021-11-13,All,228.4,96.0,23.6,2.4,9.7,918456,1426503.0,169151.0,2098,1370.0,40.0,999,999
Hospitalizations,2021-12-25,18-29,63.1,9.7,3.4,6.5,18.6,139528,277971.0,58804.0,88,27.0,2.0,18,29
Cases,2023-09-09,30-49,64.6,28.4,38.9,2.3,1.7,106855,278397.0,347322.0,69,79.0,135.0,30,49
Deaths,2021-06-26,18-29,0.0,0.0,0.0,0.0,0.0,228136,254744.0,0.0,0,0.0,0.0,18,29
Hospitalizations,2022-12-10,65-79,75.3,64.6,32.0,1.2,2.4,41147,43350.0,171635.0,31,28.0,55.0,65,79
Deaths,2022-10-15,30-49,0.0,0.0,0.0,0.0,0.0,119967,276252.0,346982.0,0,0.0,0.0,30,49
Cases,2022-02-12,30-49,157.6,65.9,119.7,2.4,1.3,139578,302103.0,296569.0,220,199.0,355.0,30,49
Cases,2021-10-23,18-29,136.5,53.6,17.9,2.5,7.6,167788,313263.0,5594.0,229,168.0,1.0,18,29
Deaths,2022-04-23,30-49,0.0,0.0,0.0,0.0,0.0,131359,287869.0,329404.0,0,0.0,0.0,30,49
Hospitalizations,2023-10-21,65-79,20.9,11.4,12.8,1.8,1.6,38192,43745.0,172021.0,8,5.0,22.0,65,79
Cases,2021-11-20,50-64,382.1,100.3,20.1,3.8,19.0,67514,297169.0,49704.0,258,298.0,10.0,50,64
Deaths,2023-10-07,65-79,0.0,0.0,1.2,0.0,0.0,38643,43457.0,171823.0,0,0.0,2.0,65,79
Deaths,2023-03-25,All,0.2,0.1,0.4,2.0,0.5,541869,858761.0,1040518.0,1,1.0,4.0,999,999
Hospitalizations,2022-10-22,50-64,37.1,6.4,9.3,5.8,4.0,37697,125220.0,246635.0,14,8.0,23.0,50,64
Deaths,2021-09-04,65-79,12.3,1.5,0.0,8.2,0.0,65150,194427.0,0.0,8,3.0,0.0,65,79
Deaths,2021-06-26,65-79,1.4,0.5,0.0,2.8,0.0,73343,186066.0,0.0,1,1.0,0.0,65,79
Deaths,2022-03-26,All,0.5,0.4,0.1,1.2,5.0,659972,904268.0,925908.0,3,4.0,1.0,999,999
Hospitalizations,2021-10-02,18-29,9.7,0.6,0.0,16.2,0.0,175617,307962.0,0.0,17,2.0,0.0,18,29
Deaths,2022-10-29,50-64,0.0,0.0,0.4,0.0,0.0,37238,125235.0,246658.0,0,0.0,1.0,50,64
Hospitalizations,2023-04-08,65-79,20.1,13.8,11.6,1.5,1.7,39837,43431.0,171716.0,8,6.0,20.0,65,79
Deaths,2022-06-04,18-29,0.0,0.0,0.0,0.0,0.0,94995,215928.0,153584.0,0,0.0,0.0,18,29
Deaths,2022-10-22,All,0.2,0.2,0.2,1.0,1.0,580379,845220.0,1038858.0,1,2.0,2.0,999,999
Cases,2022-01-29,All,381.9,232.4,215.3,1.6,1.8,707592,954511.0,779977.0,2702,2218.0,1679.0,999,999
Hospitalizations,2021-07-03,30-49,4.6,0.2,0.0,23.0,0.0,284806,473790.0,0.0,13,1.0,0.0,30,49
Cases,2023-03-18,30-49,109.8,45.7,55.9,2.4,2.0,110250,278001.0,347269.0,121,127.0,194.0,30,49
Cases,2022-05-21,65-79,220.1,175.6,231.6,1.3,1.0,47243,48398.0,164100.0,104,85.0,380.0,65,79
Deaths,2021-10-02,65-79,16.1,1.6,0.0,10.1,0.0,62283,193295.0,0.0,10,3.0,0.0,65,79
Deaths,2023-07-15,80+,0.0,0.0,0.0,0.0,0.0,24489,11383.0,47130.0,0,0.0,0.0,80,200
Hospitalizations,2023-06-10,18-29,0.0,0.5,0.0,0.0,0.0,74610,214134.0,161697.0,0,1.0,0.0,18,29
Deaths,2023-03-11,30-49,0.0,0.0,0.0,0.0,0.0,110407,277955.0,347264.0,0,0.0,0.0,30,49
Hospitalizations,2022-12-24,30-49,15.0,3.6,4.6,4.2,3.3,113497,277193.0,347177.0,17,10.0,16.0,30,49
Deaths,2022-09-17,18-29,0.0,0.0,0.0,0.0,0.0,89805,211472.0,161406.0,0,0.0,0.0,18,29
Deaths,2022-05-28,All,0.5,0.3,0.0,1.7,0.0,643200,881598.0,969242.0,3,3.0,0.0,999,999
Deaths,2021-08-07,18-29,1.5,0.0,0.0,0.0,0.0,206013,282729.0,0.0,3,0.0,0.0,18,29
Deaths,2023-01-14,18-29,0.0,0.0,0.0,0.0,0.0,78419,213045.0,161631.0,0,0.0,0.0,18,29
Cases,2023-03-18,65-79,115.1,53.0,73.4,2.2,1.6,39970,43416.0,171710.0,46,23.0,126.0,65,79
Cases,2022-05-14,30-49,388.7,224.2,522.2,1.7,0.7,130179,285512.0,332845.0,506,640.0,1738.0,30,49
Cases,2023-08-12,65-79,53.5,27.6,40.2,1.9,1.3,39237,43418.0,171751.0,21,12.0,69.0,65,79
Deaths,2023-08-12,65-79,0.0,0.0,0.0,0.0,0.0,39237,43418.0,171751.0,0,0.0,0.0,65,79
Hospitalizations,2022-05-07,30-49,6.9,2.1,2.1,3.3,3.3,130589,286382.0,331646.0,9,6.0,7.0,30,49
Deaths,2023-07-15,18-29,0.0,0.0,0.0,0.0,0.0,74031,214138.0,161706.0,0,0.0,0.0,18,29
Deaths,2022-03-19,65-79,2.1,0.0,0.0,0.0,0.0,48719,52553.0,157887.0,1,0.0,0.0,65,79
Deaths,2023-03-04,50-64,3.0,0.0,0.4,0.0,7.5,33780,125603.0,246874.0,1,0.0,1.0,50,64
Cases,2022-04-16,80+,37.1,73.5,87.0,0.5,0.4,26947,13608.0,43669.0,10,10.0,38.0,80,200
Cases,2023-02-11,All,129.7,75.8,93.9,1.7,1.4,547298,856543.0,1040368.0,710,649.0,977.0,999,999
Deaths,2022-02-05,18-29,0.9,0.0,0.0,0.0,0.0,108394,225478.0,122651.0,1,0.0,0.0,18,29
Hospitalizations,2022-05-28,18-29,9.4,1.8,0.7,5.2,13.4,95327,216374.0,152861.0,9,4.0,1.0,18,29
Cases,2022-11-19,50-64,267.4,89.4,122.8,3.0,2.2,36276,125309.0,246713.0,97,112.0,303.0,50,64
Hospitalizations,2023-09-09,18-29,4.1,0.5,0.6,8.2,6.8,73215,214129.0,161722.0,3,1.0,1.0,18,29
Cases,2023-06-03,80+,40.8,17.6,29.7,2.3,1.4,24536,11384.0,47129.0,10,2.0,14.0,80,200
Cases,2023-05-27,65-79,25.3,13.8,30.3,1.8,0.8,39507,43436.0,171730.0,10,6.0,52.0,65,79
Hospitalizations,2021-12-11,65-79,129.1,41.3,4.0,3.1,32.3,54236,104235.0,100914.0,70,43.0,4.0,65,79
Deaths,2023-05-13,All,0.2,0.0,0.0,0.0,0.0,536622,860351.0,1040648.0,1,0.0,0.0,999,999
Cases,2021-07-31,65-79,59.0,27.1,0.0,2.2,0.0,69459,192009.0,0.0,41,52.0,0.0,65,79
Cases,2022-09-24,80+,111.6,131.9,125.4,0.8,0.9,25995,11376.0,47037.0,29,15.0,59.0,80,200
Cases,2022-11-26,All,141.1,66.6,115.9,2.1,1.2,565402,850149.0,1039743.0,798,566.0,1205.0,999,999
Cases,2023-01-28,30-49,134.2,58.7,72.6,2.3,1.8,111793,277548.0,347231.0,150,163.0,252.0,30,49
Hospitalizations,2023-05-13,30-49,4.6,0.4,0.9,11.5,5.1,108868,278401.0,347295.0,5,1.0,3.0,30,49
Deaths,2023-05-13,18-29,0.0,0.0,0.0,0.0,0.0,75158,214134.0,161690.0,0,0.0,0.0,18,29
Hospitalizations,2021-07-17,18-29,2.3,0.4,0.0,5.8,0.0,218646,272102.0,0.0,5,1.0,0.0,18,29
Deaths,2021-08-28,80+,31.7,3.8,0.0,8.3,0.0,31562,53137.0,0.0,10,2.0,0.0,80,200
Cases,2023-08-19,30-49,55.0,21.9,36.6,2.5,1.5,107178,278399.0,347317.0,59,61.0,127.0,30,49
Cases,2022-04-30,50-64,238.3,98.3,182.2,2.4,1.3,44059,135237.0,232184.0,105,133.0,423.0,50,64
Hospitalizations,2022-06-04,65-79,32.0,8.4,15.7,3.8,2.0,46947,47490.0,165480.0,15,4.0,26.0,65,79
Hospitalizations,2022-05-21,80+,60.0,77.6,75.8,0.8,0.8,26685,12893.0,44830.0,16,10.0,34.0,80,200
Hospitalizations,2022-12-17,18-29,11.3,2.8,3.1,4.0,3.6,79968,212771.0,161600.0,9,6.0,5.0,18,29
Cases,2022-02-19,65-79,69.0,40.8,52.3,1.7,1.3,49241,56313.0,153089.0,34,23.0,80.0,65,79
Cases,2023-06-17,80+,12.2,26.4,19.1,0.5,0.6,24516,11383.0,47130.0,3,3.0,9.0,80,200
Hospitalizations,2022-01-01,65-79,367.4,193.6,28.9,1.9,12.7,52264,79022.0,127818.0,192,153.0,37.0,65,79
Hospitalizations,2021-05-22,All,17.1,1.7,0.0,10.1,0.0,1335903,1010820.0,0.0,229,17.0,0.0,999,999
Deaths,2022-01-15,65-79,84.4,21.5,8.0,3.9,10.6,50970,69775.0,137780.0,43,15.0,11.0,65,79
Deaths,2021-05-29,All,2.2,0.1,0.0,22.0,0.0,1302037,1094752.0,0.0,29,1.0,0.0,999,999
Hospitalizations,2022-07-16,65-79,43.3,21.9,19.6,2.0,2.2,46231,45565.0,168311.0,20,10.0,33.0,65,79
Deaths,2023-05-27,30-49,0.0,0.0,0.0,0.0,0.0,108550,278401.0,347299.0,0,0.0,0.0,30,49
Deaths,2023-08-12,All,0.0,0.0,0.0,0.0,0.0,528906,860313.0,1040782.0,0,0.0,0.0,999,999
Deaths,2022-08-20,18-29,0.0,0.0,0.0,0.0,0.0,91431,212198.0,159858.0,0,0.0,0.0,18,29
Cases,2022-10-08,65-79,72.8,126.7,112.0,0.6,0.6,43949,43409.0,171395.0,32,55.0,192.0,65,79
Hospitalizations,2023-05-20,All,4.9,0.7,2.9,7.0,1.7,535909,860356.0,1040655.0,26,6.0,30.0,999,999
Hospitalizations,2021-05-01,All,21.2,3.0,0.0,7.1,0.0,1471355,709078.0,0.0,312,21.0,0.0,999,999
Cases,2022-07-16,65-79,227.1,195.3,236.5,1.2,1.0,46231,45565.0,168311.0,105,89.0,398.0,65,79
Deaths,2021-10-30,65-79,6.8,0.6,0.0,11.3,0.0,59028,168312.0,32952.0,4,1.0,0.0,65,79
Cases,2021-10-30,30-49,193.1,69.6,49.6,2.8,3.9,203492,531626.0,24199.0,393,370.0,12.0,30,49
Cases,2023-09-02,All,67.1,30.6,46.9,2.2,1.4,527182,860288.0,1040815.0,354,263.0,488.0,999,999
Hospitalizations,2023-01-21,50-64,34.9,5.6,6.9,6.2,5.1,34398,125483.0,246834.0,12,7.0,17.0,50,64
Deaths,2022-08-27,65-79,6.6,0.0,0.6,0.0,11.0,45631,43956.0,170603.0,3,0.0,1.0,65,79
Hospitalizations,2022-10-15,50-64,15.7,9.6,5.3,1.6,3.0,38173,125196.0,246614.0,6,12.0,13.0,50,64
Deaths,2023-10-21,80+,4.1,0.0,2.1,0.0,2.0,24189,11483.0,47191.0,1,0.0,1.0,80,200
Cases,2023-02-18,50-64,235.6,56.5,102.1,4.2,2.3,33956,125555.0,246862.0,80,71.0,252.0,50,64
Deaths,2023-10-21,18-29,0.0,0.0,0.0,0.0,0.0,70650,214710.0,162045.0,0,0.0,0.0,18,29
Cases,2021-08-14,All,188.4,91.5,0.0,2.1,0.0,1110584,1424722.0,0.0,2092,1303.0,0.0,999,999
Cases,2022-05-21,18-29,366.5,161.5,413.2,2.3,0.9,95759,216738.0,152215.0,351,350.0,629.0,18,29
Hospitalizations,2022-05-07,18-29,5.2,3.2,2.0,1.6,2.6,96593,217622.0,150759.0,5,7.0,3.0,18,29
Cases,2022-12-10,50-64,427.9,149.2,193.7,2.9,2.2,35521,125371.0,246748.0,152,187.0,478.0,50,64
Deaths,2023-02-04,18-29,0.0,0.0,0.0,0.0,0.0,77612,213252.0,161643.0,0,0.0,0.0,18,29
Deaths,2021-10-09,All,2.6,0.2,0.0,13.0,0.0,998664,1519169.0,0.0,26,3.0,0.0,999,999
Hospitalizations,2023-04-01,80+,28.4,8.8,34.0,3.2,0.8,24634,11382.0,47126.0,7,1.0,16.0,80,200
Hospitalizations,2023-05-13,All,3.7,1.7,3.9,2.2,0.9,536622,860351.0,1040648.0,20,15.0,41.0,999,999
Hospitalizations,2022-07-23,18-29,12.9,6.1,4.4,2.1,2.9,92731,213642.0,157475.0,12,13.0,7.0,18,29
Deaths,2021-08-21,30-49,0.8,0.0,0.0,0.0,0.0,249126,508434.0,0.0,2,0.0,0.0,30,49
Hospitalizations,2021-10-23,All,8.3,2.5,1.5,3.3,5.5,978761,1496643.0,68441.0,81,38.0,1.0,999,999
Deaths,2022-10-08,18-29,0.0,0.0,0.0,0.0,0.0,87155,211790.0,161468.0,0,0.0,0.0,18,29
Cases,2023-01-21,18-29,124.2,43.2,52.6,2.9,2.4,78128,213123.0,161635.0,97,92.0,85.0,18,29
Cases,2021-10-30,65-79,88.1,45.7,12.1,1.9,7.3,59028,168312.0,32952.0,52,77.0,4.0,65,79
Deaths,2021-06-12,50-64,10.2,0.0,0.0,0.0,0.0,117767,280325.0,0.0,12,0.0,0.0,50,64
Cases,2023-10-28,18-29,72.8,13.5,15.4,5.4,4.7,70076,214953.0,162196.0,51,29.0,25.0,18,29
Hospitalizations,2023-04-15,50-64,9.0,1.6,6.1,5.6,1.5,33349,125709.0,246898.0,3,2.0,15.0,50,64
Hospitalizations,2022-04-30,30-49,5.3,1.7,1.5,3.1,3.5,130975,287056.0,330602.0,7,5.0,5.0,30,49
Deaths,2022-11-26,All,0.5,0.0,0.1,0.0,5.0,565402,850149.0,1039743.0,3,0.0,1.0,999,999
Cases,2023-01-21,30-49,138.3,63.4,74.9,2.2,1.8,112078,277463.0,347220.0,155,176.0,260.0,30,49
Cases,2023-05-06,50-64,87.6,19.9,40.1,4.4,2.2,33091,125743.0,246908.0,29,25.0,99.0,50,64
Hospitalizations,2023-01-21,30-49,8.9,3.2,2.3,2.8,3.9,112078,277463.0,347220.0,10,9.0,8.0,30,49
Deaths,2022-10-29,18-29,0.0,0.0,0.0,0.0,0.0,84477,212127.0,161526.0,0,0.0,0.0,18,29
Cases,2023-09-16,80+,61.4,175.7,154.9,0.3,0.4,24446,11380.0,47134.0,15,20.0,73.0,80,200
Cases,2021-12-11,50-64,760.3,181.6,36.9,4.2,20.6,62340,258308.0,92192.0,474,469.0,34.0,50,64
Deaths,2023-06-10,30-49,0.0,0.0,0.0,0.0,0.0,108308,278398.0,347307.0,0,0.0,0.0,30,49
Hospitalizations,2021-07-03,50-64,7.3,0.0,0.0,0.0,0.0,109144,300501.0,0.0,8,0.0,0.0,50,64
Deaths,2022-06-11,All,0.2,0.2,0.2,1.0,1.0,640279,874417.0,979825.0,1,2.0,2.0,999,999
Cases,2022-11-12,65-79,154.6,133.9,111.3,1.2,1.4,42041,43328.0,171584.0,65,58.0,191.0,65,79
Deaths,2022-02-19,30-49,3.6,0.3,0.3,12.0,12.0,137833,299049.0,303628.0,5,1.0,1.0,30,49
Deaths,2023-02-18,All,0.0,0.0,0.2,0.0,0.0,546175,856948.0,1040388.0,0,0.0,2.0,999,999
Deaths,2022-10-29,30-49,0.0,0.0,0.0,0.0,0.0,118225,276436.0,347042.0,0,0.0,0.0,30,49
Cases,2021-07-31,All,111.5,51.3,0.0,2.2,0.0,1148000,1398829.0,0.0,1280,717.0,0.0,999,999
Deaths,2023-05-27,65-79,0.0,0.0,0.0,0.0,0.0,39507,43436.0,171730.0,0,0.0,0.0,65,79
Cases,2022-12-24,18-29,175.8,78.0,103.3,2.3,1.7,79625,212863.0,161605.0,140,166.0,167.0,18,29
Hospitalizations,2023-03-18,30-49,9.1,0.4,1.4,22.8,6.5,110250,278001.0,347269.0,10,1.0,5.0,30,49
Deaths,2021-07-10,65-79,2.8,0.0,0.0,0.0,0.0,71806,189097.0,0.0,2,0.0,0.0,65,79
Hospitalizations,2023-10-07,80+,24.6,35.1,27.6,0.7,0.9,24344,11392.0,47144.0,6,4.0,13.0,80,200
Hospitalizations,2021-10-23,50-64,32.4,4.0,7.6,8.1,4.3,74137,326932.0,13200.0,24,13.0,1.0,50,64
Deaths,2022-05-21,All,0.2,0.2,0.4,1.0,0.5,644984,883996.0,965236.0,1,2.0,4.0,999,999
Cases,2023-01-14,18-29,156.8,52.6,62.5,3.0,2.5,78419,213045.0,161631.0,123,112.0,101.0,18,29
Cases,2023-03-25,65-79,60.1,59.9,83.9,1.0,0.7,39930,43424.0,171711.0,24,26.0,144.0,65,79
Cases,2023-09-30,30-49,46.3,22.6,31.4,2.0,1.5,105830,278394.0,347333.0,49,63.0,109.0,30,49
Cases,2021-04-24,18-29,260.3,25.7,0.0,10.1,0.0,301150,85550.0,0.0,784,22.0,0.0,18,29
Hospitalizations,2023-11-25,80+,50.2,77.3,61.2,0.6,0.8,23887,11638.0,47353.0,12,9.0,29.0,80,200
Cases,2022-12-24,All,192.5,107.3,169.0,1.8,1.1,556867,853365.0,1040060.0,1072,916.0,1758.0,999,999
Cases,2022-07-16,18-29,365.3,143.9,237.1,2.5,1.5,93079,214025.0,156874.0,340,308.0,372.0,18,29
Hospitalizations,2022-12-31,50-64,51.6,13.6,9.7,3.8,5.3,34879,125419.0,246812.0,18,17.0,24.0,50,64
Deaths,2021-11-27,All,2.5,1.0,0.0,2.5,0.0,879918,1338551.0,274264.0,22,14.0,0.0,999,999
Hospitalizations,2023-05-06,65-79,5.0,11.5,4.7,0.4,1.1,39631,43437.0,171727.0,2,5.0,8.0,65,79
Deaths,2022-12-10,30-49,0.0,0.4,0.0,0.0,0.0,114339,276994.0,347125.0,0,1.0,0.0,30,49
Hospitalizations,2021-10-16,30-49,18.5,0.7,0.0,26.4,0.0,210412,535672.0,0.0,39,4.0,0.0,30,49
Cases,2022-11-26,65-79,245.3,143.0,164.9,1.7,1.5,41575,43350.0,171612.0,102,62.0,283.0,65,79
Hospitalizations,2023-09-16,18-29,4.1,0.9,1.9,4.6,2.2,73185,214126.0,161725.0,3,2.0,3.0,18,29
Cases,2021-04-24,65-79,145.0,11.4,0.0,12.7,0.0,90355,140945.0,0.0,131,16.0,0.0,65,79
Hospitalizations,2023-04-22,65-79,12.6,18.4,8.7,0.7,1.4,39752,43432.0,171720.0,5,8.0,15.0,65,79
Hospitalizations,2022-05-14,65-79,23.2,14.3,10.4,1.6,2.2,47442,48816.0,163445.0,11,7.0,17.0,65,79
Cases,2022-08-27,50-64,352.0,118.3,184.2,3.0,1.9,40343,125946.0,245378.0,142,149.0,452.0,50,64
Hospitalizations,2023-02-18,18-29,10.4,1.9,0.0,5.5,0.0,77142,213438.0,161646.0,8,4.0,0.0,18,29
Deaths,2022-10-08,80+,7.8,8.8,0.0,0.9,0.0,25733,11377.0,47048.0,2,1.0,0.0,80,200
Deaths,2021-05-29,80+,17.3,2.1,0.0,8.2,0.0,34769,48292.0,0.0,6,1.0,0.0,80,200
Deaths,2021-09-11,30-49,0.4,0.0,0.0,0.0,0.0,232678,520775.0,0.0,1,0.0,0.0,30,49
Cases,2023-04-22,65-79,40.2,50.7,53.0,0.8,0.8,39752,43432.0,171720.0,16,22.0,91.0,65,79
Hospitalizations,2023-06-24,18-29,2.7,0.0,0.0,0.0,0.0,74402,214137.0,161700.0,2,0.0,0.0,18,29
Cases,2022-05-28,50-64,444.5,165.3,293.4,2.7,1.5,42974,132464.0,236190.0,191,219.0,693.0,50,64
Hospitalizations,2022-06-04,30-49,18.6,2.1,3.3,8.9,5.6,129048,283039.0,336241.0,24,6.0,11.0,30,49
Deaths,2023-05-13,65-79,0.0,0.0,0.0,0.0,0.0,39568,43436.0,171728.0,0,0.0,0.0,65,79
Hospitalizations,2022-12-03,30-49,16.5,5.4,4.3,3.1,3.8,114875,276921.0,347113.0,19,15.0,15.0,30,49
Cases,2022-03-26,50-64,74.8,29.3,52.3,2.6,1.4,45447,140025.0,225645.0,34,41.0,118.0,50,64
Deaths,2021-05-08,50-64,8.2,0.0,0.0,0.0,0.0,146538,195911.0,0.0,12,0.0,0.0,50,64
Cases,2021-09-11,50-64,226.3,64.8,0.0,3.5,0.0,84837,325536.0,0.0,192,211.0,0.0,50,64
Deaths,2022-10-15,50-64,2.6,0.0,0.4,0.0,6.5,38173,125196.0,246614.0,1,0.0,1.0,50,64
Cases,2021-09-11,18-29,257.8,93.2,0.0,2.8,0.0,185405,298401.0,0.0,478,278.0,0.0,18,29
Hospitalizations,2022-05-28,65-79,27.6,16.7,15.8,1.7,1.7,47077,47959.0,164773.0,13,8.0,26.0,65,79
Deaths,2023-08-19,18-29,0.0,0.0,0.0,0.0,0.0,73481,214133.0,161716.0,0,0.0,0.0,18,29
Cases,2021-10-23,65-79,86.5,44.5,7.8,1.9,11.1,60107,175204.0,25507.0,52,78.0,2.0,65,79
Cases,2023-09-23,80+,65.5,87.9,148.5,0.7,0.4,24430,11380.0,47134.0,16,10.0,70.0,80,200
Cases,2023-12-02,All,97.2,42.2,63.8,2.3,1.5,505147,862705.0,1049342.0,491,364.0,670.0,999,999
Cases,2021-05-29,30-49,82.7,6.8,0.0,12.2,0.0,314424,398788.0,0.0,260,27.0,0.0,30,49
Hospitalizations,2022-04-23,65-79,10.4,16.0,5.0,0.6,2.1,47898,50126.0,161284.0,5,8.0,8.0,65,79
Deaths,2021-12-04,30-49,2.2,0.0,0.0,0.0,0.0,185523,469462.0,103054.0,4,0.0,0.0,30,49
Deaths,2023-04-22,65-79,0.0,0.0,0.0,0.0,0.0,39752,43432.0,171720.0,0,0.0,0.0,65,79
Hospitalizations,2021-04-24,30-49,28.7,1.0,0.0,28.7,0.0,386715,193096.0,0.0,111,2.0,0.0,30,49
Hospitalizations,2023-10-28,30-49,2.9,0.0,0.9,0.0,3.2,102493,279053.0,348149.0,3,0.0,3.0,30,49
Cases,2023-09-30,50-64,106.5,22.3,47.4,4.8,2.2,31939,125717.0,246950.0,34,28.0,117.0,50,64
Hospitalizations,2022-12-03,80+,56.1,114.3,59.4,0.5,0.9,24971,11375.0,47102.0,14,13.0,28.0,80,200
Deaths,2022-08-13,80+,7.6,8.6,2.1,0.9,3.6,26264,11664.0,46650.0,2,1.0,1.0,80,200
Hospitalizations,2021-05-01,18-29,10.9,1.9,0.0,5.7,0.0,284798,107854.0,0.0,31,2.0,0.0,18,29
Hospitalizations,2023-05-13,65-79,15.2,13.8,8.7,1.1,1.7,39568,43436.0,171728.0,6,6.0,15.0,65,79
Cases,2023-04-22,30-49,46.6,22.3,31.1,2.1,1.5,109408,278312.0,347288.0,51,62.0,108.0,30,49
Cases,2022-12-31,All,142.1,77.3,125.8,1.8,1.1,555407,853931.0,1040154.0,789,660.0,1309.0,999,999
Deaths,2022-04-23,65-79,0.0,2.0,0.6,0.0,0.0,47898,50126.0,161284.0,0,1.0,1.0,65,79
Deaths,2023-06-24,All,0.0,0.0,0.2,0.0,0.0,532973,860337.0,1040720.0,0,0.0,2.0,999,999
Deaths,2021-09-18,All,3.2,0.3,0.0,10.7,0.0,1033219,1487228.0,0.0,33,4.0,0.0,999,999
Cases,2023-02-04,18-29,145.6,44.5,59.4,3.3,2.5,77612,213252.0,161643.0,113,95.0,96.0,18,29
Deaths,2023-04-08,All,0.2,0.0,0.1,0.0,2.0,540406,859347.0,1040563.0,1,0.0,1.0,999,999
Hospitalizations,2022-03-05,18-29,5.9,1.4,0.7,4.2,8.4,101225,221226.0,139795.0,6,3.0,1.0,18,29
Deaths,2021-08-28,50-64,4.5,0.3,0.0,15.0,0.0,89285,322178.0,0.0,4,1.0,0.0,50,64
Cases,2021-11-13,65-79,155.3,69.8,14.2,2.2,10.9,57295,146087.0,56482.0,89,102.0,8.0,65,79
Cases,2021-07-03,30-49,26.3,9.7,0.0,2.7,0.0,284806,473790.0,0.0,75,46.0,0.0,30,49
Deaths,2022-01-01,80+,64.4,43.5,11.2,1.5,5.8,27932,20693.0,35560.0,18,9.0,4.0,80,200
Deaths,2021-12-18,All,6.3,1.5,0.2,4.2,31.5,829865,1210623.0,447192.0,52,18.0,1.0,999,999
Cases,2022-04-02,65-79,33.0,42.7,40.2,0.8,0.8,48452,51564.0,159143.0,16,22.0,64.0,65,79
Deaths,2022-12-10,50-64,0.0,0.0,0.0,0.0,0.0,35521,125371.0,246748.0,0,0.0,0.0,50,64
Hospitalizations,2023-06-03,30-49,0.9,1.1,0.9,0.8,1.0,108436,278399.0,347302.0,1,3.0,3.0,30,49
Cases,2022-11-05,80+,146.6,193.5,197.5,0.8,0.7,25236,11367.0,47086.0,37,22.0,93.0,80,200
Cases,2022-07-09,All,223.2,139.2,249.0,1.6,0.9,627781,862137.0,997177.0,1401,1200.0,2483.0,999,999
Hospitalizations,2023-09-16,50-64,12.4,2.4,4.0,5.2,3.1,32248,125721.0,246942.0,4,3.0,10.0,50,64
Deaths,2021-11-27,50-64,7.6,0.4,0.0,19.0,0.0,66092,285061.0,63187.0,5,1.0,0.0,50,64
Deaths,2021-06-26,30-49,0.3,0.0,0.0,0.0,0.0,289323,463639.0,0.0,1,0.0,0.0,30,49
Hospitalizations,2023-03-25,30-49,6.4,3.6,2.6,1.8,2.5,110064,278072.0,347275.0,7,10.0,9.0,30,49
Cases,2022-07-02,50-64,462.8,177.4,235.6,2.6,2.0,41916,129677.0,240221.0,194,230.0,566.0,50,64
Deaths,2023-02-18,65-79,0.0,0.0,0.0,0.0,0.0,40129,43398.0,171695.0,0,0.0,0.0,65,79
Cases,2021-12-25,50-64,2182.1,1041.7,639.2,2.1,3.4,58797,223663.0,129378.0,1283,2330.0,827.0,50,64
Hospitalizations,2022-03-19,30-49,6.7,2.0,1.2,3.4,5.6,133820,292802.0,320838.0,9,6.0,4.0,30,49
Cases,2021-10-09,18-29,182.2,55.9,0.0,3.3,0.0,172892,311257.0,0.0,315,174.0,0.0,18,29
Cases,2021-05-22,65-79,81.7,14.6,0.0,5.6,0.0,79541,171129.0,0.0,65,25.0,0.0,65,79
Deaths,2021-12-25,30-49,2.9,0.0,0.0,0.0,0.0,172845,404756.0,175179.0,5,0.0,0.0,30,49
Deaths,2021-10-16,50-64,2.6,0.6,0.0,4.3,0.0,75689,329389.0,0.0,2,2.0,0.0,50,64
Deaths,2021-10-02,30-49,2.3,0.0,0.0,0.0,0.0,218778,533019.0,0.0,5,0.0,0.0,30,49
Deaths,2023-09-02,65-79,0.0,0.0,0.0,0.0,0.0,39162,43414.0,171755.0,0,0.0,0.0,65,79
Hospitalizations,2022-11-05,65-79,54.4,36.9,16.9,1.5,3.2,42281,43326.0,171562.0,23,16.0,29.0,65,79
Hospitalizations,2023-10-14,30-49,2.9,1.1,0.3,2.6,9.7,104020,278747.0,347612.0,3,3.0,1.0,30,49
Deaths,2023-01-07,All,0.9,0.1,0.6,9.0,1.5,553739,854331.0,1040190.0,5,1.0,6.0,999,999
Deaths,2022-04-16,80+,3.7,0.0,0.0,0.0,0.0,26947,13608.0,43669.0,1,0.0,0.0,80,200
Deaths,2023-11-18,All,0.0,0.0,0.1,0.0,0.0,507068,862707.0,1047121.0,0,0.0,1.0,999,999
Cases,2021-04-03,65-79,120.8,18.5,0.0,6.5,0.0,105935,91962.0,0.0,128,17.0,0.0,65,79
Deaths,2022-06-11,18-29,0.0,0.0,0.0,0.0,0.0,94634,215581.0,154206.0,0,0.0,0.0,18,29
Deaths,2022-08-20,30-49,0.0,0.0,0.0,0.0,0.0,125684,277226.0,344772.0,0,0.0,0.0,30,49
Cases,2022-05-28,80+,142.7,195.7,242.0,0.7,0.6,26624,12774.0,45035.0,38,25.0,109.0,80,200
Hospitalizations,2023-11-11,65-79,26.6,4.5,15.7,5.9,1.7,37622,44141.0,172402.0,10,2.0,27.0,65,79
Hospitalizations,2021-11-20,65-79,81.6,14.2,1.4,5.7,58.3,56364,133667.0,69658.0,46,19.0,1.0,65,79
Hospitalizations,2022-11-26,80+,79.9,105.5,63.7,0.8,1.3,25033,11373.0,47096.0,20,12.0,30.0,80,200
Cases,2021-07-31,18-29,175.9,73.3,0.0,2.4,0.0,210867,279504.0,0.0,371,205.0,0.0,18,29
Hospitalizations,2023-10-28,65-79,7.9,9.1,9.9,0.9,0.8,37995,43884.0,172161.0,3,4.0,17.0,65,79
Deaths,2022-07-30,65-79,0.0,0.0,1.8,0.0,0.0,45965,45025.0,169088.0,0,0.0,3.0,65,79
Deaths,2022-11-19,All,0.9,0.1,0.2,9.0,4.5,567313,849096.0,1039651.0,5,1.0,2.0,999,999
Hospitalizations,2022-08-20,18-29,7.7,5.2,1.9,1.5,4.1,91431,212198.0,159858.0,7,11.0,3.0,18,29
Cases,2021-09-11,All,188.9,71.2,0.0,2.7,0.0,1046939,1475716.0,0.0,1978,1050.0,0.0,999,999
Deaths,2022-04-09,65-79,2.1,0.0,0.6,0.0,3.5,48264,51105.0,159712.0,1,0.0,1.0,65,79
Deaths,2023-03-25,80+,0.0,8.8,2.1,0.0,0.0,24648,11381.0,47126.0,0,1.0,1.0,80,200
Deaths,2022-11-19,50-64,0.0,0.0,0.0,0.0,0.0,36276,125309.0,246713.0,0,0.0,0.0,50,64
Deaths,2022-10-22,80+,0.0,0.0,2.1,0.0,0.0,25467,11367.0,47073.0,0,0.0,1.0,80,200
Hospitalizations,2023-01-28,50-64,11.7,4.8,6.1,2.4,1.9,34286,125502.0,246842.0,4,6.0,15.0,50,64
Cases,2023-06-24,50-64,33.6,6.4,11.3,5.2,3.0,32713,125736.0,246925.0,11,8.0,28.0,50,64
Hospitalizations,2022-05-14,All,10.4,5.3,7.0,2.0,1.5,646969,886432.0,961158.0,67,47.0,67.0,999,999
Cases,2022-04-30,80+,59.6,157.6,124.6,0.4,0.5,26860,13328.0,44158.0,16,21.0,55.0,80,200
Deaths,2021-05-15,All,3.0,0.2,0.0,15.0,0.0,1387913,925369.0,0.0,41,2.0,0.0,999,999
Deaths,2022-04-30,65-79,0.0,0.0,0.0,0.0,0.0,47714,49691.0,162052.0,0,0.0,0.0,65,79
Hospitalizations,2023-10-21,80+,16.5,17.4,55.1,0.9,0.3,24189,11483.0,47191.0,4,2.0,26.0,80,200
Deaths,2021-10-16,80+,13.2,0.0,0.0,0.0,0.0,30320,49996.0,0.0,4,0.0,0.0,80,200
Hospitalizations,2021-08-14,All,15.8,3.3,0.0,4.8,0.0,1110584,1424722.0,0.0,175,47.0,0.0,999,999
Cases,2022-06-18,65-79,214.2,175.2,169.9,1.2,1.3,46695,46794.0,166552.0,100,82.0,283.0,65,79
Hospitalizations,2021-08-21,18-29,10.1,0.3,0.0,33.7,0.0,197658,288634.0,0.0,20,1.0,0.0,18,29
Cases,2023-03-04,30-49,129.3,61.2,83.2,2.1,1.6,110600,277895.0,347260.0,143,170.0,289.0,30,49
Deaths,2023-04-08,80+,4.1,0.0,0.0,0.0,0.0,24622,11383.0,47126.0,1,0.0,0.0,80,200
Cases,2023-09-16,65-79,74.1,73.7,78.6,1.0,0.9,39123,43414.0,171757.0,29,32.0,135.0,65,79
Hospitalizations,2021-04-10,18-29,5.7,1.8,0.0,3.2,0.0,353270,54598.0,0.0,20,1.0,0.0,18,29
Hospitalizations,2023-08-26,All,5.5,1.9,4.4,2.9,1.2,527758,860290.0,1040810.0,29,16.0,46.0,999,999
Deaths,2021-11-06,All,1.9,0.3,0.0,6.3,0.0,953486,1465628.0,120427.0,18,5.0,0.0,999,999
Hospitalizations,2021-06-12,50-64,16.1,0.7,0.0,23.0,0.0,117767,280325.0,0.0,19,2.0,0.0,50,64
Hospitalizations,2023-04-22,18-29,1.3,0.0,0.0,0.0,0.0,75636,214023.0,161683.0,1,0.0,0.0,18,29
Cases,2023-10-21,65-79,68.1,36.6,53.5,1.9,1.3,38192,43745.0,172021.0,26,16.0,92.0,65,79
Hospitalizations,2023-01-07,30-49,16.0,4.3,3.5,3.7,4.6,112744,277305.0,347207.0,18,12.0,12.0,30,49
Hospitalizations,2022-09-10,30-49,10.4,3.6,2.9,2.9,3.6,124669,276027.0,346520.0,13,10.0,10.0,30,49
Deaths,2023-06-03,30-49,0.0,0.4,0.0,0.0,0.0,108436,278399.0,347302.0,0,1.0,0.0,30,49
Deaths,2023-05-20,80+,8.1,0.0,2.1,0.0,3.9,24557,11384.0,47128.0,2,0.0,1.0,80,200
Hospitalizations,2022-10-22,65-79,30.2,27.7,16.9,1.1,1.8,43032,43378.0,171472.0,13,12.0,29.0,65,79
Cases,2023-09-09,18-29,99.7,18.7,30.9,5.3,3.2,73215,214129.0,161722.0,73,40.0,50.0,18,29
Cases,2022-03-19,18-29,85.1,32.2,68.2,2.6,1.2,99842,220707.0,143769.0,85,71.0,98.0,18,29
Cases,2022-05-28,18-29,410.2,169.2,402.3,2.4,1.0,95327,216374.0,152861.0,391,366.0,615.0,18,29
Deaths,2022-05-21,65-79,2.1,2.1,1.2,1.0,1.8,47243,48398.0,164100.0,1,1.0,2.0,65,79
Deaths,2021-10-16,30-49,2.9,0.0,0.0,0.0,0.0,210412,535672.0,0.0,6,0.0,0.0,30,49
Hospitalizations,2023-11-04,18-29,2.9,0.9,1.2,3.2,2.4,69457,215124.0,162370.0,2,2.0,2.0,18,29
Cases,2022-02-26,30-49,88.7,31.0,61.2,2.9,1.4,136458,296367.0,310294.0,121,92.0,190.0,30,49
Hospitalizations,2021-12-04,65-79,149.2,36.0,5.3,4.1,28.2,54957,111079.0,93634.0,82,40.0,5.0,65,79
Cases,2022-05-14,50-64,581.2,202.5,340.2,2.9,1.7,43533,133809.0,234246.0,253,271.0,797.0,50,64
Hospitalizations,2022-03-19,65-79,14.4,5.7,5.1,2.5,2.8,48719,52553.0,157887.0,7,3.0,8.0,65,79
Deaths,2021-08-28,All,2.0,0.3,0.0,6.7,0.0,1076102,1450111.0,0.0,22,4.0,0.0,999,999
Cases,2021-04-10,30-49,339.1,26.7,0.0,12.7,0.0,455598,123661.0,0.0,1545,33.0,0.0,30,49
Deaths,2022-07-30,18-29,0.0,0.0,0.0,0.0,0.0,92439,213184.0,158188.0,0,0.0,0.0,18,29
Hospitalizations,2022-03-12,30-49,4.5,2.7,0.9,1.7,5.0,134617,294114.0,317904.0,6,8.0,3.0,30,49
Cases,2022-06-25,80+,177.5,162.9,220.6,1.1,0.8,26485,12274.0,45782.0,47,20.0,101.0,80,200
Cases,2022-04-16,All,117.0,76.9,186.8,1.5,0.6,653769,896402.0,943061.0,765,689.0,1762.0,999,999
Cases,2022-03-19,All,56.2,33.2,52.5,1.7,1.1,662148,905646.0,919703.0,372,301.0,483.0,999,999
Deaths,2023-04-22,18-29,0.0,0.0,0.0,0.0,0.0,75636,214023.0,161683.0,0,0.0,0.0,18,29
Cases,2022-09-24,18-29,159.5,42.1,89.8,3.8,1.8,89038,211579.0,161435.0,142,89.0,145.0,18,29
Hospitalizations,2022-09-24,30-49,10.6,2.5,2.0,4.2,5.3,122951,275932.0,346890.0,13,7.0,7.0,30,49
Deaths,2021-08-14,30-49,1.2,0.0,0.0,0.0,0.0,254572,504735.0,0.0,3,0.0,0.0,30,49
Cases,2022-11-19,65-79,163.0,131.5,141.6,1.2,1.2,41725,43336.0,171598.0,68,57.0,243.0,65,79
Deaths,2023-01-21,30-49,0.0,0.0,0.0,0.0,0.0,112078,277463.0,347220.0,0,0.0,0.0,30,49
Hospitalizations,2021-08-14,65-79,41.4,9.8,0.0,4.2,0.0,67653,193586.0,0.0,28,19.0,0.0,65,79
Hospitalizations,2021-04-17,65-79,58.3,8.0,0.0,7.3,0.0,94416,124678.0,0.0,55,10.0,0.0,65,79
Hospitalizations,2023-07-15,18-29,0.0,0.0,0.0,0.0,0.0,74031,214138.0,161706.0,0,0.0,0.0,18,29
Deaths,2021-10-09,30-49,1.4,0.0,0.0,0.0,0.0,214640,537114.0,0.0,3,0.0,0.0,30,49
Deaths,2022-06-04,50-64,2.3,0.0,0.0,0.0,0.0,42758,131758.0,237215.0,1,0.0,0.0,50,64
Hospitalizations,2023-03-04,80+,36.5,61.5,50.9,0.6,0.7,24686,11377.0,47125.0,9,7.0,24.0,80,200
Cases,2022-11-26,50-64,354.9,98.9,119.2,3.6,3.0,36067,125335.0,246724.0,128,124.0,294.0,50,64
Cases,2021-12-25,30-49,2493.6,1654.3,1139.4,1.5,2.2,172845,404756.0,175179.0,4310,6696.0,1996.0,30,49
Deaths,2023-01-21,80+,8.1,0.0,6.4,0.0,1.3,24751,11374.0,47117.0,2,0.0,3.0,80,200
Cases,2022-09-24,30-49,122.8,58.7,94.8,2.1,1.3,122951,275932.0,346890.0,151,162.0,329.0,30,49
Deaths,2023-11-11,50-64,0.0,0.0,0.4,0.0,0.0,30308,125745.0,247813.0,0,0.0,1.0,50,64
Deaths,2023-01-14,30-49,0.0,0.0,0.0,0.0,0.0,112361,277385.0,347213.0,0,0.0,0.0,30,49
Cases,2022-10-22,30-49,146.1,63.7,84.4,2.3,1.7,119057,276343.0,347017.0,174,176.0,293.0,30,49
Deaths,2021-08-28,65-79,9.1,0.0,0.0,0.0,0.0,65885,194871.0,0.0,6,0.0,0.0,65,79
Hospitalizations,2022-09-03,All,13.7,5.8,10.4,2.4,1.3,604544,842367.0,1030965.0,83,49.0,107.0,999,999
Cases,2023-09-23,30-49,68.6,25.5,38.9,2.7,1.8,106401,278395.0,347328.0,73,71.0,135.0,30,49
Deaths,2021-11-13,All,1.7,1.1,0.6,1.5,2.8,918456,1426503.0,169151.0,16,15.0,1.0,999,999
Cases,2021-05-29,18-29,82.7,3.4,0.0,24.3,0.0,246752,207387.0,0.0,204,7.0,0.0,18,29
Deaths,2022-07-09,50-64,0.0,0.0,0.4,0.0,0.0,41738,129197.0,240866.0,0,0.0,1.0,50,64
Deaths,2022-12-03,80+,12.0,26.4,0.0,0.5,0.0,24971,11375.0,47102.0,3,3.0,0.0,80,200
Cases,2021-07-31,50-64,131.3,39.2,0.0,3.3,0.0,99806,313577.0,0.0,131,123.0,0.0,50,64
Deaths,2023-02-04,80+,4.0,0.0,4.2,0.0,1.0,24721,11375.0,47121.0,1,0.0,2.0,80,200
Cases,2022-07-02,30-49,337.8,163.1,301.5,2.1,1.1,127872,280840.0,339580.0,432,458.0,1024.0,30,49
Hospitalizations,2022-03-26,65-79,6.2,5.8,5.0,1.1,1.2,48633,52066.0,158525.0,3,3.0,8.0,65,79
Deaths,2023-11-04,All,0.2,0.0,0.2,0.0,1.0,512405,862552.0,1044756.0,1,0.0,2.0,999,999
Cases,2022-07-09,30-49,313.5,159.1,275.9,2.0,1.1,127602,280376.0,340282.0,400,446.0,939.0,30,49
Deaths,2023-02-25,80+,4.0,8.8,0.0,0.5,0.0,24695,11378.0,47124.0,1,1.0,0.0,80,200
Deaths,2023-08-05,All,0.0,0.0,0.0,0.0,0.0,529533,860315.0,1040778.0,0,0.0,0.0,999,999
Hospitalizations,2023-11-18,18-29,1.5,1.4,1.2,1.1,1.2,68264,215430.0,162672.0,1,3.0,2.0,18,29
Hospitalizations,2022-03-05,50-64,8.6,3.5,0.9,2.5,9.6,46352,143917.0,219986.0,4,5.0,2.0,50,64
Deaths,2023-04-29,30-49,0.9,0.0,0.0,0.0,0.0,109218,278370.0,347292.0,1,0.0,0.0,30,49
Deaths,2023-09-30,65-79,0.0,0.0,0.6,0.0,0.0,38891,43410.0,171762.0,0,0.0,1.0,65,79
Deaths,2023-01-21,All,0.7,0.0,0.3,0.0,2.3,550760,855236.0,1040253.0,4,0.0,3.0,999,999
Cases,2022-03-19,65-79,34.9,22.8,29.1,1.5,1.2,48719,52553.0,157887.0,17,12.0,46.0,65,79
Cases,2022-10-08,50-64,214.8,63.9,108.7,3.4,2.0,38636,125178.0,246593.0,83,80.0,268.0,50,64
Hospitalizations,2022-07-02,65-79,36.6,21.7,17.3,1.7,2.1,46481,46183.0,167465.0,17,10.0,29.0,65,79
Hospitalizations,2023-07-22,18-29,0.0,0.5,0.0,0.0,0.0,73902,214135.0,161709.0,0,1.0,0.0,18,29
Hospitalizations,2023-06-17,18-29,1.3,0.5,0.0,2.6,0.0,74493,214135.0,161700.0,1,1.0,0.0,18,29
Hospitalizations,2021-12-25,65-79,223.2,117.7,20.0,1.9,11.2,52868,86648.0,119716.0,118,102.0,24.0,65,79
Hospitalizations,2021-09-18,50-64,71.3,3.4,0.0,21.0,0.0,82757,327000.0,0.0,59,11.0,0.0,50,64
Hospitalizations,2022-12-24,18-29,10.0,4.2,0.6,2.4,16.7,79625,212863.0,161605.0,8,9.0,1.0,18,29
Cases,2022-11-26,80+,147.8,219.8,233.6,0.7,0.6,25033,11373.0,47096.0,37,25.0,110.0,80,200
Cases,2022-04-09,All,106.1,80.7,150.5,1.3,0.7,655822,898944.0,937807.0,696,725.0,1411.0,999,999
Cases,2022-10-08,All,105.2,62.2,93.1,1.7,1.1,588205,843467.0,1037728.0,619,525.0,966.0,999,999
Cases,2022-02-26,65-79,61.1,32.8,40.0,1.9,1.5,49070,54948.0,154842.0,30,18.0,62.0,65,79
Cases,2023-11-18,18-29,73.2,23.2,28.3,3.2,2.6,68264,215430.0,162672.0,50,50.0,46.0,18,29
Hospitalizations,2023-05-27,18-29,0.0,0.0,0.0,0.0,0.0,74841,214134.0,161693.0,0,0.0,0.0,18,29
Cases,2021-04-03,80+,85.5,15.2,0.0,5.6,0.0,42122,26360.0,0.0,36,4.0,0.0,80,200
Cases,2023-10-21,30-49,54.2,21.2,21.6,2.6,2.5,103249,278946.0,347858.0,56,59.0,75.0,30,49
Hospitalizations,2022-04-30,80+,22.3,67.5,27.2,0.3,0.8,26860,13328.0,44158.0,6,9.0,12.0,80,200
Hospitalizations,2023-04-15,18-29,2.6,1.9,0.6,1.4,4.3,75787,213968.0,161682.0,2,4.0,1.0,18,29
Cases,2022-08-13,All,222.9,122.8,203.5,1.8,1.1,611563,848751.0,1018396.0,1363,1042.0,2072.0,999,999
Cases,2021-11-27,All,242.4,101.3,32.8,2.4,7.4,879918,1338551.0,274264.0,2133,1356.0,90.0,999,999
Cases,2021-11-27,50-64,397.9,87.7,30.1,4.5,13.2,66092,285061.0,63187.0,263,250.0,19.0,50,64
Deaths,2023-08-19,65-79,0.0,0.0,0.6,0.0,0.0,39214,43417.0,171752.0,0,0.0,1.0,65,79
Deaths,2021-12-25,All,7.6,2.8,1.0,2.7,7.6,814632,1161444.0,517372.0,62,32.0,5.0,999,999
Deaths,2023-07-01,All,0.0,0.0,0.1,0.0,0.0,532370,860333.0,1040733.0,0,0.0,1.0,999,999
Deaths,2021-11-20,All,1.9,0.7,0.5,2.7,3.8,893891,1383374.0,221328.0,17,9.0,1.0,999,999
Cases,2023-06-03,65-79,20.3,11.5,26.2,1.8,0.8,39483,43434.0,171732.0,8,5.0,45.0,65,79
Cases,2022-04-09,30-49,118.7,62.5,225.3,1.9,0.5,132219,289629.0,326607.0,157,181.0,736.0,30,49
Hospitalizations,2022-01-29,80+,123.8,137.9,45.1,0.9,2.7,27458,16677.0,39936.0,34,23.0,18.0,80,200
Hospitalizations,2022-10-01,65-79,24.8,18.4,14.0,1.3,1.8,44363,43409.0,171376.0,11,8.0,24.0,65,79
Cases,2022-10-08,30-49,129.6,55.0,75.5,2.4,1.7,121106,276136.0,346953.0,157,152.0,262.0,30,49
Deaths,2023-07-08,80+,0.0,0.0,2.1,0.0,0.0,24498,11383.0,47130.0,0,0.0,1.0,80,200
Hospitalizations,2023-10-21,18-29,2.8,0.0,0.6,0.0,4.7,70650,214710.0,162045.0,2,0.0,1.0,18,29
Deaths,2023-02-04,All,0.5,0.1,0.4,5.0,1.2,548376,856091.0,1040343.0,3,1.0,4.0,999,999
Cases,2022-01-22,80+,453.3,549.2,338.2,0.8,1.3,27573,17479.0,39032.0,125,96.0,132.0,80,200
Hospitalizations,2022-01-01,All,105.7,49.6,20.9,2.1,5.1,797277,1104766.0,587380.0,843,548.0,123.0,999,999
Hospitalizations,2021-12-18,18-29,43.3,4.2,0.0,10.3,0.0,143348,288118.0,46808.0,62,12.0,0.0,18,29
Deaths,2023-05-20,30-49,0.0,0.0,0.0,0.0,0.0,108712,278401.0,347297.0,0,0.0,0.0,30,49
Hospitalizations,2022-11-05,30-49,15.3,3.6,2.9,4.2,5.3,117430,276538.0,347053.0,18,10.0,10.0,30,49
Cases,2021-08-21,30-49,286.6,118.0,0.0,2.4,0.0,249126,508434.0,0.0,714,600.0,0.0,30,49
Deaths,2023-02-11,65-79,2.5,4.6,0.6,0.5,4.2,40183,43393.0,171693.0,1,2.0,1.0,65,79
Cases,2021-05-22,All,109.7,11.3,0.0,9.7,0.0,1335903,1010820.0,0.0,1465,114.0,0.0,999,999
Hospitalizations,2022-06-04,80+,63.9,63.4,81.7,1.0,0.8,26586,12627.0,45272.0,17,8.0,37.0,80,200
Deaths,2023-06-24,18-29,0.0,0.0,0.0,0.0,0.0,74402,214137.0,161700.0,0,0.0,0.0,18,29
Cases,2022-07-09,18-29,295.2,142.3,255.2,2.1,1.2,93482,214304.0,156355.0,276,305.0,399.0,18,29
Hospitalizations,2022-11-05,80+,59.4,61.6,46.7,1.0,1.3,25236,11367.0,47086.0,15,7.0,22.0,80,200
Hospitalizations,2023-10-07,18-29,0.0,0.9,0.0,0.0,0.0,71968,214276.0,161803.0,0,2.0,0.0,18,29
Cases,2023-02-11,50-64,240.8,64.5,92.4,3.7,2.6,34058,125536.0,246859.0,82,81.0,228.0,50,64
Deaths,2023-06-17,All,0.0,0.0,0.1,0.0,0.0,533523,860344.0,1040706.0,0,0.0,1.0,999,999
Deaths,2021-12-18,18-29,0.0,0.0,0.0,0.0,0.0,143348,288118.0,46808.0,0,0.0,0.0,18,29
Hospitalizations,2022-09-24,All,10.6,4.6,7.3,2.3,1.5,595648,841554.0,1036367.0,63,39.0,76.0,999,999
Hospitalizations,2021-12-11,50-64,141.2,13.2,0.0,10.7,0.0,62340,258308.0,92192.0,88,34.0,0.0,50,64
Hospitalizations,2022-10-15,18-29,3.5,0.9,0.6,3.9,5.8,86242,211934.0,161484.0,3,2.0,1.0,18,29
Cases,2022-12-24,80+,112.7,351.8,303.5,0.3,0.4,24842,11369.0,47114.0,28,40.0,143.0,80,200
Deaths,2022-01-22,18-29,0.9,0.0,0.0,0.0,0.0,116024,239720.0,103823.0,1,0.0,0.0,18,29
Hospitalizations,2022-12-10,80+,72.2,87.9,82.8,0.8,0.9,24925,11373.0,47104.0,18,10.0,39.0,80,200
Hospitalizations,2023-11-11,18-29,4.4,1.4,0.6,3.1,7.3,68798,215294.0,162511.0,3,3.0,1.0,18,29
Cases,2023-02-25,50-64,274.7,78.0,94.8,3.5,2.9,33861,125587.0,246869.0,93,98.0,234.0,50,64
Deaths,2021-09-18,65-79,12.5,0.5,0.0,25.0,0.0,63900,193739.0,0.0,8,1.0,0.0,65,79
Hospitalizations,2021-05-01,65-79,55.3,5.2,0.0,10.6,0.0,86807,152729.0,0.0,48,8.0,0.0,65,79
Deaths,2023-10-28,18-29,0.0,0.0,0.0,0.0,0.0,70076,214953.0,162196.0,0,0.0,0.0,18,29
Hospitalizations,2023-11-04,65-79,18.5,13.6,12.2,1.4,1.5,37857,44044.0,172280.0,7,6.0,21.0,65,79
Deaths,2023-09-02,All,0.0,0.0,0.1,0.0,0.0,527182,860288.0,1040815.0,0,0.0,1.0,999,999
Hospitalizations,2022-05-07,80+,22.4,60.5,40.6,0.4,0.6,26811,13219.0,44353.0,6,8.0,18.0,80,200
Hospitalizations,2023-05-27,80+,4.1,0.0,14.9,0.0,0.3,24542,11384.0,47129.0,1,0.0,7.0,80,200
Cases,2022-12-31,50-64,332.6,101.3,128.4,3.3,2.6,34879,125419.0,246812.0,116,127.0,317.0,50,64
Deaths,2022-09-17,30-49,0.0,0.0,0.0,0.0,0.0,123875,275892.0,346825.0,0,0.0,0.0,30,49
Cases,2023-06-17,50-64,18.3,5.6,13.0,3.3,1.4,32757,125738.0,246922.0,6,7.0,32.0,50,64
Hospitalizations,2022-04-09,65-79,10.4,9.8,5.0,1.1,2.1,48264,51105.0,159712.0,5,5.0,8.0,65,79
Hospitalizations,2021-11-13,65-79,40.1,13.7,1.8,2.9,22.3,57295,146087.0,56482.0,23,20.0,1.0,65,79
Deaths,2022-09-17,50-64,2.5,0.0,0.0,0.0,0.0,39763,125132.0,246490.0,1,0.0,0.0,50,64
Deaths,2021-07-24,30-49,0.4,0.0,0.0,0.0,0.0,272185,492321.0,0.0,1,0.0,0.0,30,49
Deaths,2022-08-13,18-29,0.0,0.0,0.0,0.0,0.0,91761,212510.0,159319.0,0,0.0,0.0,18,29
Cases,2022-09-03,50-64,335.4,123.4,155.8,2.7,2.2,40251,125600.0,245831.0,135,155.0,383.0,50,64
Deaths,2022-05-07,30-49,0.0,0.0,0.0,0.0,0.0,130589,286382.0,331646.0,0,0.0,0.0,30,49
Deaths,2023-01-14,80+,16.1,17.6,10.6,0.9,1.5,24777,11372.0,47117.0,4,2.0,5.0,80,200
Deaths,2022-09-10,50-64,0.0,0.0,0.4,0.0,0.0,40087,125285.0,246259.0,0,0.0,1.0,50,64
Hospitalizations,2023-06-17,65-79,5.1,2.3,3.5,2.2,1.5,39420,43432.0,171735.0,2,1.0,6.0,65,79
Hospitalizations,2022-06-25,80+,60.4,73.3,59.0,0.8,1.0,26485,12274.0,45782.0,16,9.0,27.0,80,200
Hospitalizations,2023-08-19,30-49,4.7,0.4,1.4,11.8,3.4,107178,278399.0,347317.0,5,1.0,5.0,30,49
Hospitalizations,2023-07-29,50-64,9.2,0.0,2.4,0.0,3.8,32542,125729.0,246933.0,3,0.0,6.0,50,64
Cases,2022-07-30,30-49,361.8,177.2,244.9,2.0,1.5,126589,278749.0,342597.0,458,494.0,839.0,30,49
Deaths,2023-07-01,80+,0.0,0.0,0.0,0.0,0.0,24502,11383.0,47130.0,0,0.0,0.0,80,200
Cases,2022-04-02,50-64,108.5,36.7,68.7,3.0,1.6,45178,138856.0,227154.0,49,51.0,156.0,50,64
Cases,2022-04-30,65-79,155.1,108.7,133.3,1.4,1.2,47714,49691.0,162052.0,74,54.0,216.0,65,79
Deaths,2023-08-05,50-64,0.0,0.0,0.0,0.0,0.0,32496,125728.0,246934.0,0,0.0,0.0,50,64
Hospitalizations,2022-01-08,All,107.4,55.2,28.7,1.9,3.7,771844,1058475.0,641998.0,829,584.0,184.0,999,999
Hospitalizations,2022-08-13,30-49,10.3,5.8,4.4,1.8,2.3,125984,277655.0,344132.0,13,16.0,15.0,30,49
Deaths,2021-04-03,30-49,0.8,0.0,0.0,0.0,0.0,506745,105885.0,0.0,4,0.0,0.0,30,49
Hospitalizations,2022-06-11,All,8.0,7.0,7.5,1.1,1.1,640279,874417.0,979825.0,51,61.0,73.0,999,999
Hospitalizations,2023-01-28,65-79,44.6,23.1,19.2,1.9,2.3,40317,43381.0,171689.0,18,10.0,33.0,65,79
Cases,2021-12-11,30-49,669.8,258.5,87.1,2.6,7.7,181110,452975.0,121631.0,1213,1171.0,106.0,30,49
Deaths,2022-09-03,30-49,0.0,0.0,0.3,0.0,0.0,125170,276368.0,345994.0,0,0.0,1.0,30,49
Deaths,2021-06-12,18-29,0.0,0.0,0.0,0.0,0.0,236542,236566.0,0.0,0,0.0,0.0,18,29
Deaths,2022-11-05,50-64,0.0,0.0,0.0,0.0,0.0,36895,125268.0,246677.0,0,0.0,0.0,50,64
Hospitalizations,2021-09-04,18-29,14.8,0.3,0.0,49.3,0.0,188921,294893.0,0.0,28,1.0,0.0,18,29
Cases,2022-08-20,18-29,243.9,84.4,144.5,2.9,1.7,91431,212198.0,159858.0,223,179.0,231.0,18,29
Hospitalizations,2023-11-18,65-79,16.0,18.1,18.0,0.9,0.9,37394,44197.0,172519.0,6,8.0,31.0,65,79
Cases,2023-07-29,30-49,23.3,18.3,19.3,1.3,1.2,107515,278402.0,347313.0,25,51.0,67.0,30,49
Hospitalizations,2021-11-06,All,12.1,4.0,5.0,3.0,2.4,953486,1465628.0,120427.0,115,59.0,6.0,999,999
Cases,2022-11-12,30-49,171.5,75.2,106.6,2.3,1.6,116651,276645.0,347072.0,200,208.0,370.0,30,49
Deaths,2023-06-24,80+,0.0,0.0,4.2,0.0,0.0,24509,11383.0,47130.0,0,0.0,2.0,80,200
Cases,2021-07-17,All,47.0,18.3,0.0,2.6,0.0,1181533,1367281.0,0.0,555,250.0,0.0,999,999
Deaths,2022-07-02,65-79,0.0,2.2,1.8,0.0,0.0,46481,46183.0,167465.0,0,1.0,3.0,65,79
Deaths,2023-04-15,65-79,0.0,0.0,1.7,0.0,0.0,39800,43431.0,171719.0,0,0.0,3.0,65,79
Hospitalizations,2022-12-31,80+,72.5,132.0,82.8,0.5,0.9,24824,11367.0,47117.0,18,15.0,39.0,80,200
Hospitalizations,2021-07-03,18-29,0.9,0.4,0.0,2.2,0.0,224760,262359.0,0.0,2,1.0,0.0,18,29
Cases,2023-11-25,All,69.5,28.7,50.6,2.4,1.4,505372,862658.0,1048252.0,351,248.0,530.0,999,999
Deaths,2021-10-09,50-64,10.3,0.3,0.0,34.3,0.0,77460,331279.0,0.0,8,1.0,0.0,50,64
Cases,2023-08-12,18-29,51.6,13.5,24.1,3.8,2.1,73575,214133.0,161715.0,38,29.0,39.0,18,29
Deaths,2022-02-12,30-49,3.6,0.7,0.3,5.1,12.0,139578,302103.0,296569.0,5,2.0,1.0,30,49
Deaths,2023-04-29,80+,0.0,0.0,2.1,0.0,0.0,24593,11384.0,47127.0,0,0.0,1.0,80,200
Deaths,2023-03-18,30-49,0.0,0.0,0.0,0.0,0.0,110250,278001.0,347269.0,0,0.0,0.0,30,49
Hospitalizations,2023-05-27,30-49,0.9,0.7,0.6,1.3,1.5,108550,278401.0,347299.0,1,2.0,2.0,30,49
Hospitalizations,2022-08-27,All,15.0,7.9,10.7,1.9,1.4,606382,844687.0,1026640.0,91,67.0,110.0,999,999
Deaths,2021-10-30,18-29,0.0,0.0,0.0,0.0,0.0,165307,313568.0,7958.0,0,0.0,0.0,18,29
Deaths,2023-11-11,30-49,0.0,0.0,0.0,0.0,0.0,100910,279296.0,348677.0,0,0.0,0.0,30,49
Hospitalizations,2022-04-23,50-64,11.3,2.2,3.9,5.1,2.9,44338,136052.0,231012.0,5,3.0,9.0,50,64
Hospitalizations,2022-02-12,80+,44.0,83.9,36.3,0.5,1.2,27303,15497.0,41310.0,12,13.0,15.0,80,200
Deaths,2022-06-18,All,0.0,0.2,0.2,0.0,0.0,638877,871208.0,984294.0,0,2.0,2.0,999,999
Deaths,2022-08-13,50-64,2.5,0.8,0.0,3.1,0.0,40677,126700.0,244360.0,1,1.0,0.0,50,64
Deaths,2022-11-12,18-29,0.0,0.0,0.0,0.0,0.0,82776,212328.0,161549.0,0,0.0,0.0,18,29
Cases,2023-04-22,18-29,59.5,13.5,20.4,4.4,2.9,75636,214023.0,161683.0,45,29.0,33.0,18,29
Deaths,2023-04-08,50-64,0.0,0.0,0.4,0.0,0.0,33404,125694.0,246895.0,0,0.0,1.0,50,64
Hospitalizations,2022-08-13,80+,38.1,94.3,55.7,0.4,0.7,26264,11664.0,46650.0,10,11.0,26.0,80,200
Deaths,2022-09-03,18-29,0.0,0.0,0.0,0.0,0.0,90904,211667.0,160838.0,0,0.0,0.0,18,29
Deaths,2023-10-14,80+,0.0,8.8,0.0,0.0,0.0,24292,11411.0,47164.0,0,1.0,0.0,80,200
Hospitalizations,2021-04-17,All,19.5,4.2,0.0,4.6,0.0,1616421,475163.0,0.0,316,20.0,0.0,999,999
Deaths,2023-10-07,80+,16.4,8.8,4.2,1.9,3.9,24344,11392.0,47144.0,4,1.0,2.0,80,200
Deaths,2021-07-24,18-29,0.0,0.0,0.0,0.0,0.0,215115,275913.0,0.0,0,0.0,0.0,18,29
Deaths,2023-10-28,30-49,0.0,0.0,0.3,0.0,0.0,102493,279053.0,348149.0,0,0.0,1.0,30,49
Hospitalizations,2022-12-10,18-29,12.4,3.8,4.3,3.3,2.9,80480,212671.0,161589.0,10,8.0,7.0,18,29
Cases,2023-06-17,30-49,12.9,6.8,8.9,1.9,1.4,108176,278399.0,347307.0,14,19.0,31.0,30,49
Deaths,2021-09-04,50-64,3.5,0.6,0.0,5.8,0.0,86807,323733.0,0.0,3,2.0,0.0,50,64
Cases,2023-04-01,30-49,95.5,35.2,54.7,2.7,1.7,109912,278121.0,347279.0,105,98.0,190.0,30,49
Deaths,2022-04-16,30-49,0.0,0.0,0.0,0.0,0.0,131729,288694.0,328103.0,0,0.0,0.0,30,49
Deaths,2022-01-29,65-79,38.0,24.0,6.2,1.6,6.1,50056,62587.0,145762.0,19,15.0,9.0,65,79
Deaths,2022-06-04,65-79,2.1,0.0,0.0,0.0,0.0,46947,47490.0,165480.0,1,0.0,0.0,65,79
Hospitalizations,2022-01-15,30-49,60.1,17.6,12.9,3.4,4.7,154759,346990.0,239415.0,93,61.0,31.0,30,49
Deaths,2022-08-20,50-64,0.0,0.0,0.4,0.0,0.0,40519,126270.0,244938.0,0,0.0,1.0,50,64
Hospitalizations,2021-10-30,30-49,12.3,0.8,0.0,15.4,0.0,203492,531626.0,24199.0,25,4.0,0.0,30,49
Cases,2022-01-15,18-29,1268.1,731.4,755.3,1.7,1.7,121679,248007.0,93335.0,1543,1814.0,705.0,18,29
Hospitalizations,2023-02-18,30-49,7.2,2.5,1.4,2.9,5.1,110993,277757.0,347252.0,8,7.0,5.0,30,49
Hospitalizations,2021-07-10,18-29,2.3,0.4,0.0,5.8,0.0,221917,267760.0,0.0,5,1.0,0.0,18,29
Hospitalizations,2023-07-01,18-29,0.0,0.0,0.0,0.0,0.0,74266,214137.0,161703.0,0,0.0,0.0,18,29
Cases,2021-12-18,50-64,1199.7,436.5,238.8,2.7,5.0,60515,241221.0,110556.0,726,1053.0,264.0,50,64
Hospitalizations,2021-06-05,65-79,22.2,1.7,0.0,13.1,0.0,76606,179075.0,0.0,17,3.0,0.0,65,79
Cases,2023-08-19,All,51.3,22.0,42.0,2.3,1.2,528293,860304.0,1040794.0,271,189.0,437.0,999,999
Hospitalizations,2022-10-15,80+,42.9,96.7,31.9,0.4,1.3,25625,11373.0,47058.0,11,11.0,15.0,80,200
Hospitalizations,2023-06-03,18-29,0.0,0.0,0.6,0.0,0.0,74734,214134.0,161695.0,0,0.0,1.0,18,29
Deaths,2022-06-18,30-49,0.0,0.4,0.0,0.0,0.0,128401,281885.0,338011.0,0,1.0,0.0,30,49
Cases,2023-09-02,80+,49.1,167.0,123.1,0.3,0.4,24460,11380.0,47133.0,12,19.0,58.0,80,200
Cases,2023-06-17,65-79,22.8,11.5,15.1,2.0,1.5,39420,43432.0,171735.0,9,5.0,26.0,65,79
Cases,2022-12-17,18-29,262.6,82.2,103.3,3.2,2.5,79968,212771.0,161600.0,210,175.0,167.0,18,29
Cases,2022-12-03,65-79,270.9,209.9,203.9,1.3,1.3,41351,43349.0,171626.0,112,91.0,350.0,65,79
Deaths,2023-01-07,50-64,5.8,0.0,0.0,0.0,0.0,34669,125434.0,246821.0,2,0.0,0.0,50,64
Deaths,2023-11-04,80+,0.0,0.0,2.1,0.0,0.0,24080,11553.0,47261.0,0,0.0,1.0,80,200
Hospitalizations,2023-08-19,18-29,5.4,0.5,0.0,10.8,0.0,73481,214133.0,161716.0,4,1.0,0.0,18,29
Hospitalizations,2021-10-09,All,10.6,2.8,0.0,3.8,0.0,998664,1519169.0,0.0,106,42.0,0.0,999,999
Deaths,2022-12-03,50-64,0.0,0.8,0.0,0.0,0.0,35761,125353.0,246742.0,0,1.0,0.0,50,64
Cases,2022-08-27,30-49,240.0,116.0,169.6,2.1,1.4,125403,276779.0,345420.0,301,321.0,586.0,30,49
Deaths,2022-10-22,18-29,0.0,0.0,0.0,0.0,0.0,85278,212032.0,161513.0,0,0.0,0.0,18,29
Hospitalizations,2021-05-29,30-49,12.1,0.3,0.0,40.3,0.0,314424,398788.0,0.0,38,1.0,0.0,30,49
Deaths,2022-07-23,80+,3.8,41.9,6.5,0.1,0.6,26357,11946.0,46252.0,1,5.0,3.0,80,200
Cases,2023-02-04,65-79,79.5,94.5,96.7,0.8,0.8,40248,43385.0,171692.0,32,41.0,166.0,65,79
Hospitalizations,2023-01-07,18-29,11.4,1.4,0.6,8.1,19.0,78851,212977.0,161629.0,9,3.0,1.0,18,29
Hospitalizations,2021-06-19,18-29,1.7,0.8,0.0,2.1,0.0,232120,245040.0,0.0,4,2.0,0.0,18,29
Deaths,2022-04-23,All,0.0,0.1,0.1,0.0,0.0,652046,893938.0,947960.0,0,1.0,1.0,999,999
Cases,2021-04-17,18-29,296.7,15.4,0.0,19.3,0.0,327658,65029.0,0.0,972,10.0,0.0,18,29
Cases,2021-08-07,All,155.8,72.8,0.0,2.1,0.0,1127960,1412725.0,0.0,1757,1029.0,0.0,999,999
Deaths,2021-07-03,18-29,0.0,0.0,0.0,0.0,0.0,224760,262359.0,0.0,0,0.0,0.0,18,29
Deaths,2022-07-02,All,0.3,0.3,0.4,1.0,0.8,631303,865202.0,992967.0,2,3.0,4.0,999,999
Cases,2022-09-10,30-49,198.9,80.8,133.6,2.5,1.5,124669,276027.0,346520.0,248,223.0,463.0,30,49
Hospitalizations,2022-06-25,30-49,9.4,4.3,3.8,2.2,2.5,128154,281330.0,338834.0,12,12.0,13.0,30,49
Deaths,2022-10-29,80+,0.0,35.2,2.1,0.0,0.0,25326,11370.0,47077.0,0,4.0,1.0,80,200
Hospitalizations,2023-07-01,80+,4.1,17.6,8.5,0.2,0.5,24502,11383.0,47130.0,1,2.0,4.0,80,200
Cases,2022-06-11,30-49,329.5,174.9,339.2,1.9,1.0,128697,282377.0,337248.0,424,494.0,1144.0,30,49
Cases,2021-07-24,65-79,41.2,17.8,0.0,2.3,0.0,70306,191132.0,0.0,29,34.0,0.0,65,79
Cases,2022-10-29,All,144.9,79.0,116.4,1.8,1.2,576831,846073.0,1039237.0,836,668.0,1210.0,999,999
Hospitalizations,2022-12-17,All,17.5,7.5,14.2,2.3,1.2,558425,852606.0,1039974.0,98,64.0,148.0,999,999
Cases,2022-04-09,65-79,55.9,50.9,72.0,1.1,0.8,48264,51105.0,159712.0,27,26.0,115.0,65,79
Hospitalizations,2021-05-29,50-64,35.8,1.2,0.0,29.8,0.0,125545,255939.0,0.0,45,3.0,0.0,50,64
Cases,2022-11-05,18-29,190.2,64.6,94.7,2.9,2.0,83590,212234.0,161534.0,159,137.0,153.0,18,29
Cases,2022-01-08,65-79,1705.5,1411.0,727.6,1.2,2.3,51599,73634.0,133598.0,880,1039.0,972.0,65,79
Cases,2021-12-04,65-79,307.5,182.8,31.0,1.7,9.9,54957,111079.0,93634.0,169,203.0,29.0,65,79
Cases,2021-11-06,18-29,187.4,66.9,39.1,2.8,4.8,162718,313731.0,10229.0,305,210.0,4.0,18,29
Deaths,2023-09-02,30-49,0.0,0.0,0.0,0.0,0.0,106946,278397.0,347321.0,0,0.0,0.0,30,49
Deaths,2023-02-11,All,0.5,0.5,0.2,1.0,2.5,547298,856543.0,1040368.0,3,4.0,2.0,999,999
Deaths,2021-06-19,30-49,1.7,0.0,0.0,0.0,0.0,294504,450450.0,0.0,5,0.0,0.0,30,49
Cases,2022-10-22,18-29,150.1,46.7,82.3,3.2,1.8,85278,212032.0,161513.0,128,99.0,133.0,18,29
Hospitalizations,2022-02-19,80+,22.0,59.3,21.6,0.4,1.0,27250,15168.0,41699.0,6,9.0,9.0,80,200
Cases,2023-10-14,80+,53.5,61.3,63.6,0.9,0.8,24292,11411.0,47164.0,13,7.0,30.0,80,200
Cases,2022-12-03,30-49,277.7,123.5,142.3,2.2,2.0,114875,276921.0,347113.0,319,342.0,494.0,30,49
Cases,2021-10-02,18-29,190.8,62.7,0.0,3.0,0.0,175617,307962.0,0.0,335,193.0,0.0,18,29
Cases,2023-05-06,18-29,59.7,13.1,17.3,4.6,3.5,75322,214130.0,161688.0,45,28.0,28.0,18,29
Hospitalizations,2023-11-25,All,7.3,3.5,7.5,2.1,1.0,505372,862658.0,1048252.0,37,30.0,79.0,999,999
Cases,2021-06-12,30-49,33.6,4.8,0.0,7.0,0.0,300339,438852.0,0.0,101,21.0,0.0,30,49
Cases,2022-08-27,All,195.9,109.2,165.5,1.8,1.2,606382,844687.0,1026640.0,1188,922.0,1699.0,999,999
Cases,2022-11-26,18-29,163.1,50.3,68.7,3.2,2.4,81540,212520.0,161571.0,133,107.0,111.0,18,29
Hospitalizations,2022-03-05,65-79,10.2,9.3,1.9,1.1,5.4,48917,54022.0,156028.0,5,5.0,3.0,65,79
Hospitalizations,2022-06-25,65-79,34.4,23.7,15.0,1.5,2.3,46578,46462.0,167052.0,16,11.0,25.0,65,79
Hospitalizations,2023-05-20,65-79,17.7,6.9,8.7,2.6,2.0,39539,43437.0,171728.0,7,3.0,15.0,65,79
Hospitalizations,2023-11-25,50-64,10.1,7.2,4.8,1.4,2.1,29770,125696.0,248112.0,3,9.0,12.0,50,64
Cases,2021-07-03,All,17.9,6.1,0.0,2.9,0.0,1207003,1324045.0,0.0,216,81.0,0.0,999,999
Cases,2022-08-13,18-29,308.4,125.2,189.6,2.5,1.6,91761,212510.0,159319.0,283,266.0,302.0,18,29
Deaths,2023-04-22,80+,4.1,0.0,2.1,0.0,2.0,24605,11384.0,47127.0,1,0.0,1.0,80,200
Deaths,2022-04-09,All,0.2,0.3,0.2,0.7,1.0,655822,898944.0,937807.0,1,3.0,2.0,999,999
Deaths,2023-01-28,65-79,0.0,2.3,0.0,0.0,0.0,40317,43381.0,171689.0,0,1.0,0.0,65,79
Cases,2022-08-27,65-79,197.2,141.1,150.6,1.4,1.3,45631,43956.0,170603.0,90,62.0,257.0,65,79
Cases,2022-05-14,All,365.4,265.8,400.0,1.4,0.9,646969,886432.0,961158.0,2364,2356.0,3845.0,999,999
Cases,2022-07-23,18-29,376.4,140.4,243.2,2.7,1.5,92731,213642.0,157475.0,349,300.0,383.0,18,29
Cases,2022-12-31,18-29,191.7,56.8,75.5,3.4,2.5,79293,212935.0,161619.0,152,121.0,122.0,18,29
Hospitalizations,2021-08-28,18-29,13.4,0.3,0.0,44.7,0.0,193516,291685.0,0.0,26,1.0,0.0,18,29
Deaths,2021-07-10,50-64,1.9,0.0,0.0,0.0,0.0,107073,304806.0,0.0,2,0.0,0.0,50,64
Deaths,2022-07-09,65-79,0.0,0.0,1.8,0.0,0.0,46385,45832.0,167927.0,0,0.0,3.0,65,79
Hospitalizations,2021-08-14,50-64,56.2,3.8,0.0,14.8,0.0,94229,318064.0,0.0,53,12.0,0.0,50,64
Hospitalizations,2021-12-18,50-64,170.2,22.0,7.2,7.7,23.6,60515,241221.0,110556.0,103,53.0,8.0,50,64
Cases,2022-03-12,80+,22.1,34.8,37.5,0.6,0.6,27140,14363.0,42701.0,6,5.0,16.0,80,200
Hospitalizations,2023-09-30,80+,28.7,17.6,29.7,1.6,1.0,24398,11382.0,47134.0,7,2.0,14.0,80,200
Deaths,2023-07-22,65-79,0.0,0.0,0.6,0.0,0.0,39318,43421.0,171748.0,0,0.0,1.0,65,79
Hospitalizations,2023-08-26,30-49,8.4,0.4,1.4,21.0,6.0,107080,278396.0,347321.0,9,1.0,5.0,30,49
Cases,2022-11-05,30-49,191.6,77.0,109.5,2.5,1.7,117430,276538.0,347053.0,225,213.0,380.0,30,49
Cases,2023-10-14,30-49,34.6,17.2,26.8,2.0,1.3,104020,278747.0,347612.0,36,48.0,93.0,30,49
Cases,2021-05-29,65-79,71.9,6.8,0.0,10.6,0.0,77839,175452.0,0.0,56,12.0,0.0,65,79
Deaths,2023-05-13,80+,4.1,0.0,0.0,0.0,0.0,24575,11384.0,47128.0,1,0.0,0.0,80,200
Hospitalizations,2022-04-23,All,4.6,3.1,3.3,1.5,1.4,652046,893938.0,947960.0,30,28.0,31.0,999,999
Hospitalizations,2023-06-03,80+,8.2,8.8,8.5,0.9,1.0,24536,11384.0,47129.0,2,1.0,4.0,80,200
Cases,2021-08-07,30-49,234.5,90.6,0.0,2.6,0.0,260144,501004.0,0.0,610,454.0,0.0,30,49
Deaths,2022-06-25,30-49,0.0,0.4,0.3,0.0,0.0,128154,281330.0,338834.0,0,1.0,1.0,30,49
Deaths,2022-04-02,18-29,0.0,0.0,0.0,0.0,0.0,98738,219958.0,146325.0,0,0.0,0.0,18,29
Deaths,2023-08-26,18-29,0.0,0.0,0.0,0.0,0.0,73401,214130.0,161720.0,0,0.0,0.0,18,29
Deaths,2022-02-19,80+,22.0,13.2,4.8,1.7,4.6,27250,15168.0,41699.0,6,2.0,2.0,80,200
Deaths,2023-02-11,30-49,0.0,0.0,0.0,0.0,0.0,111258,277686.0,347246.0,0,0.0,0.0,30,49
Deaths,2021-12-11,30-49,6.6,0.4,0.0,16.5,0.0,181110,452975.0,121631.0,12,2.0,0.0,30,49
Hospitalizations,2023-03-11,30-49,10.0,2.5,2.9,4.0,3.4,110407,277955.0,347264.0,11,7.0,10.0,30,49
Hospitalizations,2022-02-05,65-79,50.2,36.8,15.4,1.4,3.3,49755,59749.0,148949.0,25,22.0,23.0,65,79
Cases,2022-02-05,30-49,226.4,110.2,163.1,2.1,1.4,142252,308500.0,286318.0,322,340.0,467.0,30,49
Deaths,2023-09-23,50-64,0.0,0.0,0.0,0.0,0.0,32105,125718.0,246945.0,0,0.0,0.0,50,64
Deaths,2022-02-05,All,7.2,4.4,1.7,1.6,4.2,695615,928537.0,818642.0,50,41.0,14.0,999,999
Cases,2023-06-03,18-29,18.7,6.1,9.3,3.1,2.0,74734,214134.0,161695.0,14,13.0,15.0,18,29
Cases,2022-07-02,80+,113.4,180.6,228.7,0.6,0.5,26451,12179.0,45911.0,30,22.0,105.0,80,200
Deaths,2022-02-26,80+,18.4,27.0,7.1,0.7,2.6,27200,14818.0,42125.0,5,4.0,3.0,80,200
Hospitalizations,2021-11-06,50-64,40.9,4.7,8.0,8.7,5.1,70859,318525.0,25135.0,29,15.0,2.0,50,64
Deaths,2023-06-03,65-79,0.0,0.0,0.0,0.0,0.0,39483,43434.0,171732.0,0,0.0,0.0,65,79
Cases,2022-04-23,80+,48.3,111.4,123.0,0.4,0.4,26906,13471.0,43906.0,13,15.0,54.0,80,200
Deaths,2021-04-03,65-79,5.7,1.1,0.0,5.2,0.0,105935,91962.0,0.0,6,1.0,0.0,65,79
Cases,2022-10-01,All,103.2,56.9,92.1,1.8,1.1,591822,842535.0,1037067.0,611,479.0,955.0,999,999
Deaths,2023-06-24,65-79,0.0,0.0,0.0,0.0,0.0,39394,43428.0,171739.0,0,0.0,0.0,65,79
Hospitalizations,2023-03-04,All,8.1,4.9,7.1,1.7,1.1,544398,857702.0,1040439.0,44,42.0,74.0,999,999
Deaths,2021-09-04,18-29,0.0,0.0,0.0,0.0,0.0,188921,294893.0,0.0,0,0.0,0.0,18,29
Deaths,2023-05-06,All,0.0,0.1,0.0,0.0,0.0,537432,860338.0,1040639.0,0,1.0,0.0,999,999
Hospitalizations,2021-07-10,65-79,4.2,1.6,0.0,2.6,0.0,71806,189097.0,0.0,3,3.0,0.0,65,79
Deaths,2022-01-01,18-29,0.7,0.0,0.0,0.0,0.0,135521,266118.0,72360.0,1,0.0,0.0,18,29
Hospitalizations,2023-09-30,30-49,1.9,1.8,0.9,1.1,2.1,105830,278394.0,347333.0,2,5.0,3.0,30,49
Hospitalizations,2023-04-29,65-79,12.6,9.2,4.7,1.4,2.7,39684,43437.0,171725.0,5,4.0,8.0,65,79
Hospitalizations,2023-11-04,50-64,22.9,1.6,2.0,14.3,11.4,30620,125775.0,247617.0,7,2.0,5.0,50,64
Deaths,2021-06-05,50-64,10.7,0.0,0.0,0.0,0.0,121592,270415.0,0.0,13,0.0,0.0,50,64
Cases,2022-05-07,30-49,304.8,170.8,457.4,1.8,0.7,130589,286382.0,331646.0,398,489.0,1517.0,30,49
Deaths,2022-08-06,65-79,2.2,0.0,0.0,0.0,0.0,45860,44684.0,169587.0,1,0.0,0.0,65,79
Cases,2022-11-19,18-29,156.0,50.4,81.1,3.1,1.9,82036,212422.0,161555.0,128,107.0,131.0,18,29
Cases,2023-04-22,All,48.8,24.3,39.6,2.0,1.2,538932,859890.0,1040601.0,263,209.0,412.0,999,999
Hospitalizations,2021-04-03,80+,38.0,3.8,0.0,10.0,0.0,42122,26360.0,0.0,16,1.0,0.0,80,200
Deaths,2023-10-21,All,0.2,0.0,0.2,0.0,1.0,517086,861860.0,1042471.0,1,0.0,2.0,999,999
Cases,2022-02-05,50-64,295.2,99.5,106.2,3.0,2.8,48776,157818.0,201587.0,144,157.0,214.0,50,64
Cases,2021-07-17,30-49,69.7,22.0,0.0,3.2,0.0,277043,487172.0,0.0,193,107.0,0.0,30,49
Hospitalizations,2022-11-19,65-79,31.2,32.3,21.0,1.0,1.5,41725,43336.0,171598.0,13,14.0,36.0,65,79
Cases,2023-04-01,All,78.4,43.2,59.7,1.8,1.3,541142,859045.0,1040539.0,424,371.0,621.0,999,999
Hospitalizations,2022-09-10,18-29,13.3,3.3,1.2,4.0,11.1,90487,211509.0,161187.0,12,7.0,2.0,18,29
Hospitalizations,2021-04-03,All,14.0,2.7,0.0,5.2,0.0,1827674,338699.0,0.0,255,9.0,0.0,999,999
Deaths,2022-11-12,65-79,0.0,0.0,0.6,0.0,0.0,42041,43328.0,171584.0,0,0.0,1.0,65,79
Cases,2022-12-10,65-79,262.5,191.5,189.9,1.4,1.4,41147,43350.0,171635.0,108,83.0,326.0,65,79
Cases,2021-04-17,30-49,311.5,30.3,0.0,10.3,0.0,419282,148748.0,0.0,1306,45.0,0.0,30,49
Hospitalizations,2022-06-18,80+,30.2,121.3,52.6,0.2,0.6,26513,12369.0,45641.0,8,15.0,24.0,80,200
Cases,2021-08-21,50-64,239.8,72.8,0.0,3.3,0.0,91732,320054.0,0.0,220,233.0,0.0,50,64
Deaths,2021-07-31,80+,3.1,1.9,0.0,1.6,0.0,32548,52348.0,0.0,1,1.0,0.0,80,200
Hospitalizations,2022-07-16,30-49,11.0,3.6,5.3,3.1,2.1,127190,279873.0,341011.0,14,10.0,18.0,30,49
Cases,2022-01-29,80+,247.7,269.8,137.7,0.9,1.8,27458,16677.0,39936.0,68,45.0,55.0,80,200
Hospitalizations,2022-06-18,All,12.2,7.0,8.3,1.7,1.5,638877,871208.0,984294.0,78,61.0,82.0,999,999
Hospitalizations,2023-01-07,65-79,51.8,30.0,28.0,1.7,1.8,40561,43362.0,171679.0,21,13.0,48.0,65,79
Cases,2021-10-16,50-64,178.4,46.1,0.0,3.9,0.0,75689,329389.0,0.0,135,152.0,0.0,50,64
Deaths,2023-02-18,50-64,0.0,0.0,0.0,0.0,0.0,33956,125555.0,246862.0,0,0.0,0.0,50,64
Hospitalizations,2023-08-26,18-29,0.0,0.9,0.6,0.0,0.0,73401,214130.0,161720.0,0,2.0,1.0,18,29
Cases,2022-11-12,80+,155.0,202.3,155.0,0.8,1.0,25162,11369.0,47090.0,39,23.0,73.0,80,200
Cases,2023-10-28,All,49.2,21.1,35.6,2.3,1.4,514722,862266.0,1043533.0,253,182.0,371.0,999,999
Hospitalizations,2021-05-08,30-49,19.7,0.7,0.0,28.1,0.0,350842,287155.0,0.0,69,2.0,0.0,30,49
Cases,2023-08-19,50-64,120.4,30.2,49.4,4.0,2.4,32398,125726.0,246936.0,39,38.0,122.0,50,64
Cases,2021-10-30,50-64,198.7,57.2,21.7,3.5,9.2,72470,323521.0,18445.0,144,185.0,4.0,50,64
Cases,2021-04-10,65-79,128.8,9.3,0.0,13.8,0.0,99368,107437.0,0.0,128,10.0,0.0,65,79
Hospitalizations,2023-02-25,65-79,34.9,18.4,15.7,1.9,2.2,40075,43402.0,171700.0,14,8.0,27.0,65,79
Deaths,2021-09-18,50-64,7.3,0.6,0.0,12.2,0.0,82757,327000.0,0.0,6,2.0,0.0,50,64
Cases,2023-04-22,50-64,105.2,21.5,38.1,4.9,2.8,33280,125718.0,246902.0,35,27.0,94.0,50,64
Deaths,2022-03-19,18-29,0.0,0.0,0.0,0.0,0.0,99842,220707.0,143769.0,0,0.0,0.0,18,29
Hospitalizations,2023-09-16,65-79,17.9,23.0,16.3,0.8,1.1,39123,43414.0,171757.0,7,10.0,28.0,65,79
Deaths,2023-07-15,50-64,0.0,0.0,0.0,0.0,0.0,32602,125728.0,246933.0,0,0.0,0.0,50,64
Deaths,2023-07-01,18-29,0.0,0.0,0.0,0.0,0.0,74266,214137.0,161703.0,0,0.0,0.0,18,29
Hospitalizations,2023-09-30,65-79,12.9,6.9,7.6,1.9,1.7,38891,43410.0,171762.0,5,3.0,13.0,65,79
Deaths,2022-02-05,30-49,4.9,0.3,0.3,16.3,16.3,142252,308500.0,286318.0,7,1.0,1.0,30,49
Hospitalizations,2022-09-10,All,13.9,5.1,7.5,2.7,1.9,602393,841160.0,1033881.0,84,43.0,78.0,999,999
Hospitalizations,2023-01-21,All,10.9,4.4,7.9,2.5,1.4,550760,855236.0,1040253.0,60,38.0,82.0,999,999
Hospitalizations,2021-11-13,All,13.1,4.3,1.8,3.0,7.3,918456,1426503.0,169151.0,120,62.0,3.0,999,999
Deaths,2022-04-23,18-29,0.0,0.0,0.0,0.0,0.0,97360,218531.0,149251.0,0,0.0,0.0,18,29
Deaths,2022-05-28,30-49,0.0,0.0,0.0,0.0,0.0,129368,283855.0,335115.0,0,0.0,0.0,30,49
Hospitalizations,2023-01-14,80+,48.4,70.3,61.5,0.7,0.8,24777,11372.0,47117.0,12,8.0,29.0,80,200
Hospitalizations,2023-04-29,80+,12.2,26.4,29.7,0.5,0.4,24593,11384.0,47127.0,3,3.0,14.0,80,200
Deaths,2023-04-29,18-29,0.0,0.0,0.0,0.0,0.0,75493,214091.0,161686.0,0,0.0,0.0,18,29
Cases,2021-12-11,18-29,622.9,219.4,113.8,2.8,5.5,147702,295416.0,37772.0,920,648.0,43.0,18,29
Hospitalizations,2022-11-19,50-64,35.8,5.6,7.7,6.4,4.6,36276,125309.0,246713.0,13,7.0,19.0,50,64
Deaths,2023-01-14,All,1.3,0.5,0.7,2.6,1.9,552001,854759.0,1040217.0,7,4.0,7.0,999,999
Deaths,2021-07-24,50-64,3.9,0.0,0.0,0.0,0.0,102426,311064.0,0.0,4,0.0,0.0,50,64
Deaths,2021-07-17,80+,3.0,0.0,0.0,0.0,0.0,33027,51912.0,0.0,1,0.0,0.0,80,200
Hospitalizations,2022-11-05,18-29,12.0,1.4,1.9,8.6,6.3,83590,212234.0,161534.0,10,3.0,3.0,18,29
Cases,2023-10-28,65-79,47.4,57.0,47.6,0.8,1.0,37995,43884.0,172161.0,18,25.0,82.0,65,79
Hospitalizations,2023-08-12,30-49,3.7,1.8,0.6,2.1,6.2,107297,278401.0,347314.0,4,5.0,2.0,30,49
Hospitalizations,2022-01-15,All,86.8,37.9,24.5,2.3,3.5,745375,1023963.0,685691.0,647,388.0,168.0,999,999
Hospitalizations,2022-08-20,80+,87.7,95.0,66.3,0.9,1.3,26236,11583.0,46759.0,23,11.0,31.0,80,200
Deaths,2023-09-09,30-49,0.0,0.0,0.0,0.0,0.0,106855,278397.0,347322.0,0,0.0,0.0,30,49
Hospitalizations,2022-08-13,All,13.9,8.6,11.7,1.6,1.2,611563,848751.0,1018396.0,85,73.0,119.0,999,999
Deaths,2022-06-11,65-79,2.1,4.3,1.2,0.5,1.8,46831,47037.0,166138.0,1,2.0,2.0,65,79
Cases,2022-08-20,65-79,203.5,158.6,189.6,1.3,1.1,45707,44146.0,170344.0,93,70.0,323.0,65,79
Deaths,2023-03-18,18-29,0.0,0.0,0.0,0.0,0.0,76420,213693.0,161668.0,0,0.0,0.0,18,29
Cases,2021-05-01,30-49,274.7,25.1,0.0,10.9,0.0,365119,238588.0,0.0,1003,60.0,0.0,30,49
Hospitalizations,2023-03-25,All,7.6,4.1,7.0,1.9,1.1,541869,858761.0,1040518.0,41,35.0,73.0,999,999
Deaths,2022-06-18,50-64,0.0,0.8,0.0,0.0,0.0,42287,130631.0,238855.0,0,1.0,0.0,50,64
Hospitalizations,2023-01-14,18-29,8.9,2.3,1.2,3.9,7.4,78419,213045.0,161631.0,7,5.0,2.0,18,29
Deaths,2021-05-15,18-29,0.4,0.0,0.0,0.0,0.0,265014,159262.0,0.0,1,0.0,0.0,18,29
Cases,2023-11-25,80+,75.4,77.3,168.9,1.0,0.4,23887,11638.0,47353.0,18,9.0,80.0,80,200
Deaths,2021-10-30,30-49,0.5,0.0,0.0,0.0,0.0,203492,531626.0,24199.0,1,0.0,0.0,30,49
Cases,2023-04-01,18-29,85.4,23.8,38.3,3.6,2.2,76086,213847.0,161677.0,65,51.0,62.0,18,29
Hospitalizations,2021-04-10,65-79,52.3,3.7,0.0,14.1,0.0,99368,107437.0,0.0,52,4.0,0.0,65,79
Hospitalizations,2022-01-22,50-64,164.5,32.7,15.3,5.0,10.8,51071,174412.0,182773.0,84,57.0,28.0,50,64
Cases,2021-12-04,30-49,590.8,229.0,59.2,2.6,10.0,185523,469462.0,103054.0,1096,1075.0,61.0,30,49
Deaths,2021-11-06,65-79,6.9,1.2,0.0,5.8,0.0,58116,160017.0,41816.0,4,2.0,0.0,65,79
Deaths,2023-08-26,80+,4.1,0.0,2.1,0.0,2.0,24464,11380.0,47133.0,1,0.0,1.0,80,200
Hospitalizations,2023-09-23,80+,16.4,52.7,65.8,0.3,0.2,24430,11380.0,47134.0,4,6.0,31.0,80,200
Cases,2023-07-01,80+,4.1,26.4,23.3,0.2,0.2,24502,11383.0,47130.0,1,3.0,11.0,80,200
Cases,2023-06-10,All,15.7,6.4,11.8,2.5,1.3,534086,860351.0,1040691.0,84,55.0,123.0,999,999
Hospitalizations,2023-03-25,65-79,22.5,16.1,12.8,1.4,1.8,39930,43424.0,171711.0,9,7.0,22.0,65,79
Deaths,2022-10-15,65-79,0.0,0.0,0.0,0.0,0.0,43523,43397.0,171429.0,0,0.0,0.0,65,79
Hospitalizations,2021-09-25,All,14.1,3.1,0.0,4.5,0.0,1021435,1498444.0,0.0,144,46.0,0.0,999,999
Cases,2022-10-29,30-49,165.8,74.2,109.8,2.2,1.5,118225,276436.0,347042.0,196,205.0,381.0,30,49
Hospitalizations,2023-05-06,30-49,2.8,0.7,0.6,4.0,4.7,109056,278396.0,347295.0,3,2.0,2.0,30,49
Deaths,2023-04-22,All,0.2,0.0,0.1,0.0,2.0,538932,859890.0,1040601.0,1,0.0,1.0,999,999
Cases,2022-07-16,80+,151.6,274.9,268.6,0.6,0.6,26383,12003.0,46163.0,40,33.0,124.0,80,200
Cases,2022-09-17,80+,76.6,193.3,170.1,0.4,0.5,26096,11381.0,47028.0,20,22.0,80.0,80,200
Deaths,2023-07-01,30-49,0.0,0.0,0.0,0.0,0.0,107930,278403.0,347308.0,0,0.0,0.0,30,49
Deaths,2022-12-03,30-49,0.0,0.0,0.0,0.0,0.0,114875,276921.0,347113.0,0,0.0,0.0,30,49
Deaths,2022-12-24,18-29,0.0,0.0,0.0,0.0,0.0,79625,212863.0,161605.0,0,0.0,0.0,18,29
Hospitalizations,2022-05-14,18-29,4.2,1.4,4.6,3.0,0.9,96186,217174.0,151504.0,4,3.0,7.0,18,29
Deaths,2021-07-10,30-49,0.4,0.0,0.0,0.0,0.0,280996,481217.0,0.0,1,0.0,0.0,30,49
Hospitalizations,2022-04-16,80+,11.1,14.7,18.3,0.8,0.6,26947,13608.0,43669.0,3,2.0,8.0,80,200
Deaths,2022-02-12,18-29,0.9,0.0,0.0,0.0,0.0,105504,222132.0,129112.0,1,0.0,0.0,18,29
Hospitalizations,2022-02-12,All,11.8,6.5,5.8,1.8,2.0,684647,914673.0,848563.0,81,59.0,49.0,999,999
Deaths,2021-11-13,18-29,0.0,0.0,0.0,0.0,0.0,160183,311808.0,14313.0,0,0.0,0.0,18,29
Deaths,2023-11-18,50-64,0.0,0.0,0.4,0.0,0.0,29998,125698.0,247977.0,0,0.0,1.0,50,64
Cases,2021-08-28,65-79,167.0,62.6,0.0,2.7,0.0,65885,194871.0,0.0,110,122.0,0.0,65,79
Cases,2022-06-18,All,209.4,127.2,226.9,1.6,0.9,638877,871208.0,984294.0,1338,1108.0,2233.0,999,999
Deaths,2023-04-15,80+,0.0,0.0,0.0,0.0,0.0,24612,11385.0,47126.0,0,0.0,0.0,80,200
Cases,2023-08-12,80+,20.4,61.5,63.7,0.3,0.3,24472,11382.0,47131.0,5,7.0,30.0,80,200
Hospitalizations,2023-04-01,All,7.6,2.4,5.9,3.2,1.3,541142,859045.0,1040539.0,41,21.0,61.0,999,999
Deaths,2022-05-28,18-29,0.0,0.0,0.0,0.0,0.0,95327,216374.0,152861.0,0,0.0,0.0,18,29
Deaths,2023-09-23,30-49,0.0,0.0,0.0,0.0,0.0,106401,278395.0,347328.0,0,0.0,0.0,30,49
Hospitalizations,2022-12-10,50-64,36.6,14.4,10.1,2.5,3.6,35521,125371.0,246748.0,13,18.0,25.0,50,64
Cases,2022-02-05,65-79,150.7,117.2,100.7,1.3,1.5,49755,59749.0,148949.0,75,70.0,150.0,65,79
Deaths,2023-02-18,30-49,0.0,0.0,0.0,0.0,0.0,110993,277757.0,347252.0,0,0.0,0.0,30,49
Cases,2021-10-02,50-64,220.0,50.6,0.0,4.3,0.0,79080,330032.0,0.0,174,167.0,0.0,50,64
Deaths,2022-12-31,80+,8.1,17.6,4.2,0.5,1.9,24824,11367.0,47117.0,2,2.0,2.0,80,200
Deaths,2022-06-25,65-79,0.0,2.2,0.0,0.0,0.0,46578,46462.0,167052.0,0,1.0,0.0,65,79
Hospitalizations,2023-03-11,50-64,29.7,6.4,6.5,4.6,4.6,33710,125621.0,246881.0,10,8.0,16.0,50,64
Cases,2023-07-01,50-64,18.4,6.4,10.5,2.9,1.8,32676,125733.0,246928.0,6,8.0,26.0,50,64
Hospitalizations,2022-10-22,18-29,5.9,0.5,3.1,11.8,1.9,85278,212032.0,161513.0,5,1.0,5.0,18,29
Deaths,2022-07-16,65-79,4.3,0.0,0.0,0.0,0.0,46231,45565.0,168311.0,2,0.0,0.0,65,79
Cases,2023-03-18,18-29,109.9,34.6,45.2,3.2,2.4,76420,213693.0,161668.0,84,74.0,73.0,18,29
Cases,2023-01-14,50-64,246.3,84.5,112.6,2.9,2.2,34510,125451.0,246827.0,85,106.0,278.0,50,64
Deaths,2022-05-07,18-29,0.0,0.0,0.0,0.0,0.0,96593,217622.0,150759.0,0,0.0,0.0,18,29
Cases,2023-05-06,80+,32.5,52.7,70.0,0.6,0.5,24581,11385.0,47127.0,8,6.0,33.0,80,200
Hospitalizations,2023-04-15,65-79,20.1,9.2,16.9,2.2,1.2,39800,43431.0,171719.0,8,4.0,29.0,65,79
Deaths,2023-05-06,80+,0.0,8.8,0.0,0.0,0.0,24581,11385.0,47127.0,0,1.0,0.0,80,200
Cases,2021-04-24,30-49,287.3,31.1,0.0,9.2,0.0,386715,193096.0,0.0,1111,60.0,0.0,30,49
Cases,2022-04-16,18-29,241.4,95.5,264.1,2.5,0.9,97780,218922.0,148408.0,236,209.0,392.0,18,29
Hospitalizations,2022-05-07,50-64,20.5,5.2,3.4,3.9,6.0,43830,134524.0,233206.0,9,7.0,8.0,50,64
Hospitalizations,2022-08-20,65-79,39.4,34.0,14.7,1.2,2.7,45707,44146.0,170344.0,18,15.0,25.0,65,79
Cases,2022-10-22,65-79,148.7,122.2,135.3,1.2,1.1,43032,43378.0,171472.0,64,53.0,232.0,65,79
Cases,2021-08-14,30-49,280.1,120.1,0.0,2.3,0.0,254572,504735.0,0.0,713,606.0,0.0,30,49
Hospitalizations,2022-11-26,30-49,13.9,2.9,4.9,4.8,2.8,115507,276843.0,347102.0,16,8.0,17.0,30,49
Deaths,2022-05-21,80+,0.0,0.0,4.5,0.0,0.0,26685,12893.0,44830.0,0,0.0,2.0,80,200
Cases,2021-04-03,18-29,315.2,43.9,0.0,7.2,0.0,385176,47882.0,0.0,1214,21.0,0.0,18,29
Cases,2023-02-25,80+,113.4,193.4,182.5,0.6,0.6,24695,11378.0,47124.0,28,22.0,86.0,80,200
Cases,2022-02-05,All,208.0,124.9,131.6,1.7,1.6,695615,928537.0,818642.0,1447,1160.0,1077.0,999,999
Hospitalizations,2022-08-27,80+,61.0,156.1,79.0,0.4,0.8,26217,11529.0,46830.0,16,18.0,37.0,80,200
Hospitalizations,2022-05-07,All,6.9,4.2,5.5,1.6,1.3,648754,888946.0,956808.0,45,37.0,53.0,999,999
Deaths,2023-10-07,All,0.8,0.1,0.5,8.0,1.6,522040,860669.0,1041205.0,4,1.0,5.0,999,999
Hospitalizations,2023-11-11,All,8.2,2.7,6.9,3.0,1.2,509670,862682.0,1045972.0,42,23.0,72.0,999,999
Cases,2023-07-08,65-79,22.9,11.5,15.7,2.0,1.5,39363,43427.0,171742.0,9,5.0,27.0,65,79
Deaths,2021-12-11,65-79,25.8,3.8,3.0,6.8,8.6,54236,104235.0,100914.0,14,4.0,3.0,65,79
Cases,2023-02-11,80+,93.1,202.2,180.4,0.5,0.5,24710,11376.0,47122.0,23,23.0,85.0,80,200
Cases,2021-10-02,30-49,200.7,68.3,0.0,2.9,0.0,218778,533019.0,0.0,439,364.0,0.0,30,49
Hospitalizations,2022-10-29,30-49,7.6,3.3,3.7,2.3,2.1,118225,276436.0,347042.0,9,9.0,13.0,30,49
Hospitalizations,2022-06-04,All,14.3,4.1,9.2,3.5,1.6,641809,878533.0,974045.0,92,36.0,90.0,999,999
Hospitalizations,2022-08-06,80+,64.7,51.1,66.6,1.3,1.0,26292,11735.0,46545.0,17,6.0,31.0,80,200
Deaths,2023-06-17,30-49,0.0,0.0,0.0,0.0,0.0,108176,278399.0,347307.0,0,0.0,0.0,30,49
Cases,2021-12-25,65-79,892.8,705.2,339.1,1.3,2.6,52868,86648.0,119716.0,472,611.0,406.0,65,79
Cases,2022-07-30,All,269.3,155.9,235.2,1.7,1.1,617241,853308.0,1009629.0,1662,1330.0,2375.0,999,999
Hospitalizations,2022-08-27,30-49,10.4,5.4,4.3,1.9,2.4,125403,276779.0,345420.0,13,15.0,15.0,30,49
Deaths,2022-11-19,65-79,0.0,0.0,0.0,0.0,0.0,41725,43336.0,171598.0,0,0.0,0.0,65,79
Hospitalizations,2022-06-11,65-79,29.9,25.5,9.0,1.2,3.3,46831,47037.0,166138.0,14,12.0,15.0,65,79
Hospitalizations,2021-10-02,All,12.7,3.1,0.0,4.1,0.0,1009399,1510653.0,0.0,128,47.0,0.0,999,999
Cases,2023-06-24,65-79,10.2,18.4,21.0,0.6,0.5,39394,43428.0,171739.0,4,8.0,36.0,65,79
Deaths,2023-10-14,30-49,0.0,0.0,0.0,0.0,0.0,104020,278747.0,347612.0,0,0.0,0.0,30,49
Deaths,2022-08-13,30-49,0.0,0.0,0.0,0.0,0.0,125984,277655.0,344132.0,0,0.0,0.0,30,49
Deaths,2021-05-15,50-64,7.2,0.0,0.0,0.0,0.0,139168,218624.0,0.0,10,0.0,0.0,50,64
Hospitalizations,2022-12-24,All,15.4,6.8,13.1,2.3,1.2,556867,853365.0,1040060.0,86,58.0,136.0,999,999
Deaths,2022-02-26,50-64,8.6,2.1,0.9,4.1,9.6,46700,145752.0,217214.0,4,3.0,2.0,50,64
Hospitalizations,2022-07-02,All,12.7,5.8,9.3,2.2,1.4,631303,865202.0,992967.0,80,50.0,92.0,999,999
Deaths,2021-04-10,30-49,0.9,0.0,0.0,0.0,0.0,455598,123661.0,0.0,4,0.0,0.0,30,49
Hospitalizations,2022-10-08,65-79,6.8,27.6,14.6,0.2,0.5,43949,43409.0,171395.0,3,12.0,25.0,65,79
Deaths,2023-07-29,50-64,3.1,0.0,0.4,0.0,7.8,32542,125729.0,246933.0,1,0.0,1.0,50,64
Hospitalizations,2022-01-01,18-29,86.3,18.0,9.7,4.8,8.9,135521,266118.0,72360.0,117,48.0,7.0,18,29
Cases,2022-02-12,18-29,216.1,76.5,126.2,2.8,1.7,105504,222132.0,129112.0,228,170.0,163.0,18,29
Hospitalizations,2023-04-01,65-79,12.5,11.5,12.2,1.1,1.0,39878,43429.0,171712.0,5,5.0,21.0,65,79
Hospitalizations,2021-04-24,All,21.6,1.7,0.0,12.7,0.0,1530109,593621.0,0.0,330,10.0,0.0,999,999
Hospitalizations,2021-06-26,50-64,6.3,1.0,0.0,6.3,0.0,111605,294901.0,0.0,7,3.0,0.0,50,64
Cases,2022-03-12,30-49,50.5,16.7,44.0,3.0,1.1,134617,294114.0,317904.0,68,49.0,140.0,30,49
Hospitalizations,2023-07-29,30-49,1.9,0.7,0.3,2.7,6.3,107515,278402.0,347313.0,2,2.0,1.0,30,49
Cases,2023-09-02,65-79,66.4,50.7,48.9,1.3,1.4,39162,43414.0,171755.0,26,22.0,84.0,65,79
Cases,2023-06-24,80+,24.5,0.0,53.0,0.0,0.5,24509,11383.0,47130.0,6,0.0,25.0,80,200
Cases,2023-04-08,50-64,77.8,33.4,45.0,2.3,1.7,33404,125694.0,246895.0,26,42.0,111.0,50,64
Hospitalizations,2022-09-03,50-64,42.2,8.0,8.1,5.3,5.2,40251,125600.0,245831.0,17,10.0,20.0,50,64
Hospitalizations,2021-11-27,65-79,104.0,19.6,4.9,5.3,21.2,55747,122640.0,81384.0,58,24.0,4.0,65,79
Deaths,2023-02-18,18-29,0.0,0.0,0.0,0.0,0.0,77142,213438.0,161646.0,0,0.0,0.0,18,29
Deaths,2022-10-22,65-79,2.3,2.3,0.6,1.0,3.8,43032,43378.0,171472.0,1,1.0,1.0,65,79
Cases,2023-02-04,80+,68.8,105.5,97.6,0.7,0.7,24721,11375.0,47121.0,17,12.0,46.0,80,200
Deaths,2021-06-19,18-29,0.0,0.0,0.0,0.0,0.0,232120,245040.0,0.0,0,0.0,0.0,18,29
Hospitalizations,2023-07-01,30-49,0.9,0.0,0.0,0.0,0.0,107930,278403.0,347308.0,1,0.0,0.0,30,49
Cases,2023-09-16,50-64,120.9,35.8,46.2,3.4,2.6,32248,125721.0,246942.0,39,45.0,114.0,50,64
Cases,2023-06-24,18-29,21.5,5.1,5.6,4.2,3.8,74402,214137.0,161700.0,16,11.0,9.0,18,29
Cases,2023-07-15,50-64,18.4,5.6,15.0,3.3,1.2,32602,125728.0,246933.0,6,7.0,37.0,50,64
Hospitalizations,2022-07-16,18-29,12.9,3.3,2.5,3.9,5.2,93079,214025.0,156874.0,12,7.0,4.0,18,29
Hospitalizations,2023-10-14,All,5.8,2.3,4.4,2.5,1.3,519565,861107.0,1041683.0,30,20.0,46.0,999,999
Hospitalizations,2023-04-15,30-49,2.7,2.9,1.4,0.9,1.9,109559,278257.0,347286.0,3,8.0,5.0,30,49
Deaths,2022-03-05,50-64,2.2,0.0,0.0,0.0,0.0,46352,143917.0,219986.0,1,0.0,0.0,50,64
Cases,2023-10-07,65-79,51.8,29.9,53.0,1.7,1.0,38643,43457.0,171823.0,20,13.0,91.0,65,79
Cases,2022-12-10,30-49,285.1,123.1,157.0,2.3,1.8,114339,276994.0,347125.0,326,341.0,545.0,30,49
Cases,2023-10-21,50-64,90.0,31.0,34.4,2.9,2.6,31095,125782.0,247254.0,28,39.0,85.0,50,64
Cases,2023-09-09,50-64,102.3,44.5,57.5,2.3,1.8,32271,125723.0,246940.0,33,56.0,142.0,50,64
Cases,2023-05-13,80+,28.5,52.7,78.5,0.5,0.4,24575,11384.0,47128.0,7,6.0,37.0,80,200
Deaths,2021-04-24,65-79,14.4,0.0,0.0,0.0,0.0,90355,140945.0,0.0,13,0.0,0.0,65,79
Cases,2022-01-29,50-64,547.3,173.2,175.0,3.2,3.1,49696,165132.0,193153.0,272,286.0,338.0,50,64
Cases,2022-01-15,80+,986.3,1032.4,477.3,1.0,2.1,27679,18306.0,38129.0,273,189.0,182.0,80,200
Deaths,2023-11-11,All,0.2,0.0,0.3,0.0,0.7,509670,862682.0,1045972.0,1,0.0,3.0,999,999
Cases,2022-06-04,65-79,198.1,130.6,194.0,1.5,1.0,46947,47490.0,165480.0,93,62.0,321.0,65,79
Deaths,2022-07-16,18-29,0.0,0.0,0.0,0.0,0.0,93079,214025.0,156874.0,0,0.0,0.0,18,29
Cases,2022-12-03,80+,180.2,369.2,246.3,0.5,0.7,24971,11375.0,47102.0,45,42.0,116.0,80,200
Hospitalizations,2021-04-10,50-64,53.1,2.5,0.0,21.2,0.0,207234,80426.0,0.0,110,2.0,0.0,50,64
Deaths,2021-05-08,30-49,1.4,0.0,0.0,0.0,0.0,350842,287155.0,0.0,5,0.0,0.0,30,49
Hospitalizations,2023-07-08,30-49,0.9,0.4,0.0,2.2,0.0,107855,278403.0,347309.0,1,1.0,0.0,30,49
Deaths,2021-10-09,65-79,16.3,0.0,0.0,0.0,0.0,61521,191460.0,0.0,10,0.0,0.0,65,79
Cases,2021-10-16,18-29,146.3,55.7,0.0,2.6,0.0,170186,312457.0,0.0,249,174.0,0.0,18,29
Cases,2021-09-04,All,196.4,75.6,0.0,2.6,0.0,1059836,1462025.0,0.0,2081,1105.0,0.0,999,999
Cases,2022-06-25,30-49,339.4,163.5,301.3,2.1,1.1,128154,281330.0,338834.0,435,460.0,1021.0,30,49
Deaths,2022-12-17,65-79,0.0,2.3,0.0,0.0,0.0,40932,43361.0,171648.0,0,1.0,0.0,65,79
Cases,2021-11-06,50-64,241.3,60.6,35.8,4.0,6.7,70859,318525.0,25135.0,171,193.0,9.0,50,64
Hospitalizations,2023-02-25,50-64,38.4,11.1,6.1,3.5,6.3,33861,125587.0,246869.0,13,14.0,15.0,50,64
Cases,2023-01-21,50-64,235.5,82.1,104.1,2.9,2.3,34398,125483.0,246834.0,81,103.0,257.0,50,64
Cases,2022-09-17,All,135.9,77.4,121.7,1.8,1.1,599179,840837.0,1035714.0,814,651.0,1260.0,999,999
Hospitalizations,2022-03-26,All,2.7,1.7,1.6,1.6,1.7,659972,904268.0,925908.0,18,15.0,15.0,999,999
Cases,2022-12-10,18-29,254.7,78.5,112.0,3.2,2.3,80480,212671.0,161589.0,205,167.0,181.0,18,29
Cases,2022-11-05,All,160.6,81.3,115.8,2.0,1.4,573510,847144.0,1039435.0,921,689.0,1204.0,999,999
Hospitalizations,2021-10-09,18-29,5.8,0.0,0.0,0.0,0.0,172892,311257.0,0.0,10,0.0,0.0,18,29
Deaths,2021-04-17,65-79,7.4,0.0,0.0,0.0,0.0,94416,124678.0,0.0,7,0.0,0.0,65,79
Deaths,2021-11-06,18-29,0.0,0.0,0.0,0.0,0.0,162718,313731.0,10229.0,0,0.0,0.0,18,29
Cases,2021-05-15,65-79,118.5,14.4,0.0,8.2,0.0,81874,166358.0,0.0,97,24.0,0.0,65,79
Deaths,2023-04-01,65-79,5.0,2.3,0.0,2.2,0.0,39878,43429.0,171712.0,2,1.0,0.0,65,79
Cases,2022-07-16,50-64,520.2,193.3,270.4,2.7,1.9,41521,128806.0,241470.0,216,249.0,653.0,50,64
Hospitalizations,2023-01-14,65-79,54.4,34.6,25.0,1.6,2.2,40444,43375.0,171679.0,22,15.0,43.0,65,79
Cases,2022-01-22,50-64,1057.4,410.5,333.2,2.6,3.2,51071,174412.0,182773.0,540,716.0,609.0,50,64
Deaths,2021-07-24,65-79,4.3,0.0,0.0,0.0,0.0,70306,191132.0,0.0,3,0.0,0.0,65,79
Deaths,2022-08-06,80+,7.6,8.5,2.1,0.9,3.6,26292,11735.0,46545.0,2,1.0,1.0,80,200
Hospitalizations,2021-06-26,65-79,5.5,0.5,0.0,11.0,0.0,73343,186066.0,0.0,4,1.0,0.0,65,79
Cases,2022-04-02,30-49,91.2,49.9,142.8,1.8,0.6,132699,290611.0,324980.0,121,145.0,464.0,30,49
Cases,2023-01-28,18-29,125.9,49.2,58.8,2.6,2.1,77858,213199.0,161636.0,98,105.0,95.0,18,29
Deaths,2022-03-19,80+,7.4,21.2,0.0,0.3,0.0,27097,14172.0,42943.0,2,3.0,0.0,80,200
Deaths,2022-12-17,50-64,0.0,0.8,0.0,0.0,0.0,35269,125391.0,246772.0,0,1.0,0.0,50,64
Hospitalizations,2021-05-29,65-79,39.8,4.6,0.0,8.7,0.0,77839,175452.0,0.0,31,8.0,0.0,65,79
Deaths,2021-10-09,18-29,0.0,0.0,0.0,0.0,0.0,172892,311257.0,0.0,0,0.0,0.0,18,29
Deaths,2023-01-28,80+,4.0,8.8,2.1,0.5,1.9,24736,11376.0,47117.0,1,1.0,1.0,80,200
Cases,2023-07-22,50-64,58.3,9.5,16.2,6.1,3.6,32565,125729.0,246933.0,19,12.0,40.0,50,64
Hospitalizations,2022-07-30,65-79,43.5,28.9,18.3,1.5,2.4,45965,45025.0,169088.0,20,13.0,31.0,65,79
Hospitalizations,2021-10-09,50-64,37.4,2.4,0.0,15.6,0.0,77460,331279.0,0.0,29,8.0,0.0,50,64
Cases,2021-10-23,All,123.7,51.4,16.1,2.4,7.7,978761,1496643.0,68441.0,1211,769.0,11.0,999,999
Deaths,2023-01-28,50-64,2.9,0.0,0.8,0.0,3.6,34286,125502.0,246842.0,1,0.0,2.0,50,64
Cases,2023-05-27,30-49,25.8,9.0,14.7,2.9,1.8,108550,278401.0,347299.0,28,25.0,51.0,30,49
Deaths,2021-08-07,All,1.4,0.2,0.0,7.0,0.0,1127960,1412725.0,0.0,16,3.0,0.0,999,999
Cases,2023-02-11,18-29,143.5,52.0,72.4,2.8,2.0,77378,213351.0,161644.0,111,111.0,117.0,18,29
Hospitalizations,2023-01-21,65-79,42.1,18.4,19.8,2.3,2.1,40373,43379.0,171682.0,17,8.0,34.0,65,79
Deaths,2022-03-19,50-64,2.2,0.0,0.0,0.0,0.0,45704,140906.0,224298.0,1,0.0,0.0,50,64
Cases,2021-08-21,All,186.8,89.4,0.0,2.1,0.0,1093280,1437082.0,0.0,2042,1285.0,0.0,999,999
Deaths,2023-03-11,65-79,0.0,0.0,0.0,0.0,0.0,40003,43418.0,171704.0,0,0.0,0.0,65,79
Cases,2022-06-04,All,285.1,187.5,302.3,1.5,0.9,641809,878533.0,974045.0,1830,1647.0,2945.0,999,999
Deaths,2022-01-08,30-49,6.2,0.8,0.0,7.8,0.0,161589,361224.0,223160.0,10,3.0,0.0,30,49
Hospitalizations,2023-01-28,30-49,7.2,2.5,2.6,2.9,2.8,111793,277548.0,347231.0,8,7.0,9.0,30,49
Cases,2022-12-10,80+,224.7,395.7,329.1,0.6,0.7,24925,11373.0,47104.0,56,45.0,155.0,80,200
Deaths,2023-08-05,80+,0.0,0.0,0.0,0.0,0.0,24475,11382.0,47131.0,0,0.0,0.0,80,200
Deaths,2023-05-27,80+,0.0,0.0,0.0,0.0,0.0,24542,11384.0,47129.0,0,0.0,0.0,80,200
Hospitalizations,2023-09-02,18-29,2.7,0.5,0.6,5.4,4.5,73298,214129.0,161722.0,2,1.0,1.0,18,29
Deaths,2022-01-29,All,10.5,4.0,2.8,2.6,3.8,707592,954511.0,779977.0,74,38.0,22.0,999,999
Cases,2023-03-25,80+,56.8,123.0,129.4,0.5,0.4,24648,11381.0,47126.0,14,14.0,61.0,80,200
Cases,2023-11-04,18-29,82.1,15.3,17.9,5.4,4.6,69457,215124.0,162370.0,57,33.0,29.0,18,29
Cases,2022-08-27,80+,125.9,251.5,241.3,0.5,0.5,26217,11529.0,46830.0,33,29.0,113.0,80,200
Deaths,2022-06-04,30-49,0.0,0.0,0.0,0.0,0.0,129048,283039.0,336241.0,0,0.0,0.0,30,49
Deaths,2022-05-28,80+,7.5,7.8,0.0,1.0,0.0,26624,12774.0,45035.0,2,1.0,0.0,80,200
Hospitalizations,2022-11-19,80+,47.8,114.4,65.8,0.4,0.7,25083,11368.0,47093.0,12,13.0,31.0,80,200
Hospitalizations,2021-08-28,30-49,21.4,0.8,0.0,26.8,0.0,243499,512355.0,0.0,52,4.0,0.0,30,49
Deaths,2022-05-21,30-49,0.0,0.0,0.0,0.0,0.0,129750,284685.0,334000.0,0,0.0,0.0,30,49
Hospitalizations,2022-10-15,30-49,8.3,4.0,1.7,2.1,4.9,119967,276252.0,346982.0,10,11.0,6.0,30,49
Cases,2023-08-26,50-64,114.4,39.0,52.6,2.9,2.2,32353,125723.0,246939.0,37,49.0,130.0,50,64
Hospitalizations,2023-06-17,All,1.9,0.5,1.2,3.8,1.6,533523,860344.0,1040706.0,10,4.0,12.0,999,999
Deaths,2022-03-05,18-29,0.0,0.0,0.0,0.0,0.0,101225,221226.0,139795.0,0,0.0,0.0,18,29
Cases,2022-03-05,18-29,50.4,22.1,45.8,2.3,1.1,101225,221226.0,139795.0,51,49.0,64.0,18,29
Hospitalizations,2022-01-29,All,28.0,14.1,10.8,2.0,2.6,707592,954511.0,779977.0,198,135.0,84.0,999,999
Hospitalizations,2023-06-10,50-64,9.1,1.6,1.6,5.7,5.7,32808,125744.0,246916.0,3,2.0,4.0,50,64
Hospitalizations,2021-08-28,All,19.1,3.9,0.0,4.9,0.0,1076102,1450111.0,0.0,205,56.0,0.0,999,999
Hospitalizations,2023-09-02,30-49,2.8,1.1,2.0,2.5,1.4,106946,278397.0,347321.0,3,3.0,7.0,30,49
Deaths,2022-07-30,50-64,4.9,0.0,0.0,0.0,0.0,41078,127792.0,242873.0,2,0.0,0.0,50,64
Deaths,2023-05-06,50-64,0.0,0.0,0.0,0.0,0.0,33091,125743.0,246908.0,0,0.0,0.0,50,64
Deaths,2023-04-08,18-29,0.0,0.0,0.0,0.0,0.0,75926,213911.0,161680.0,0,0.0,0.0,18,29
Cases,2021-04-10,All,252.1,24.5,0.0,10.3,0.0,1707958,396727.0,0.0,4305,97.0,0.0,999,999
Hospitalizations,2023-08-05,All,3.0,1.2,2.6,2.5,1.2,529533,860315.0,1040778.0,16,10.0,27.0,999,999
Hospitalizations,2023-08-05,30-49,0.9,0.0,1.7,0.0,0.5,107409,278402.0,347313.0,1,0.0,6.0,30,49
Hospitalizations,2023-07-08,50-64,0.0,3.2,0.4,0.0,0.0,32640,125730.0,246931.0,0,4.0,1.0,50,64
Deaths,2022-09-10,65-79,2.2,4.6,0.6,0.5,3.7,45457,43539.0,171141.0,1,2.0,1.0,65,79
Hospitalizations,2022-07-02,80+,52.9,57.5,54.5,0.9,1.0,26451,12179.0,45911.0,14,7.0,25.0,80,200
Cases,2021-10-23,30-49,156.0,63.3,17.4,2.5,9.0,207114,534216.0,17244.0,323,338.0,3.0,30,49
Cases,2022-01-15,All,1213.5,830.7,664.0,1.5,1.8,745375,1023963.0,685691.0,9045,8506.0,4553.0,999,999
Cases,2023-10-07,50-64,60.0,15.9,31.6,3.8,1.9,31672,125732.0,247019.0,19,20.0,78.0,50,64
Cases,2023-09-02,50-64,123.8,27.0,55.5,4.6,2.2,32314,125722.0,246940.0,40,34.0,137.0,50,64
Hospitalizations,2021-09-18,30-49,22.0,1.5,0.0,14.7,0.0,227597,524734.0,0.0,50,8.0,0.0,30,49
Hospitalizations,2022-07-02,30-49,14.9,3.2,5.3,4.7,2.8,127872,280840.0,339580.0,19,9.0,18.0,30,49
Hospitalizations,2022-09-10,50-64,44.9,4.8,7.7,9.4,5.8,40087,125285.0,246259.0,18,6.0,19.0,50,64
Hospitalizations,2023-03-18,50-64,8.9,6.4,4.5,1.4,2.0,33625,125634.0,246883.0,3,8.0,11.0,50,64
Deaths,2022-08-20,65-79,4.4,0.0,0.6,0.0,7.3,45707,44146.0,170344.0,2,0.0,1.0,65,79
Deaths,2022-02-12,All,5.6,2.4,1.3,2.3,4.3,684647,914673.0,848563.0,38,22.0,11.0,999,999
Deaths,2022-01-29,18-29,0.9,0.0,0.0,0.0,0.0,111576,231646.0,114102.0,1,0.0,0.0,18,29
Deaths,2021-07-17,50-64,2.9,0.0,0.0,0.0,0.0,105017,308063.0,0.0,3,0.0,0.0,50,64
Cases,2022-10-22,80+,70.7,184.7,167.8,0.4,0.4,25467,11367.0,47073.0,18,21.0,79.0,80,200
Cases,2023-10-14,50-64,89.2,19.1,32.8,4.7,2.7,31377,125742.0,247106.0,28,24.0,81.0,50,64
Deaths,2021-04-17,80+,23.0,2.9,0.0,7.9,0.0,39089,34683.0,0.0,9,1.0,0.0,80,200
Deaths,2023-04-01,18-29,0.0,0.0,0.0,0.0,0.0,76086,213847.0,161677.0,0,0.0,0.0,18,29
Deaths,2021-10-09,80+,16.4,3.8,0.0,4.3,0.0,30481,52266.0,0.0,5,2.0,0.0,80,200
Cases,2022-04-09,80+,18.5,65.4,46.0,0.3,0.4,26990,13754.0,43462.0,5,9.0,20.0,80,200
Deaths,2023-08-19,30-49,0.0,0.0,0.0,0.0,0.0,107178,278399.0,347317.0,0,0.0,0.0,30,49
Cases,2021-05-01,50-64,293.4,19.2,0.0,15.3,0.0,155412,166702.0,0.0,456,32.0,0.0,50,64
Cases,2023-10-07,80+,53.4,61.4,93.3,0.9,0.6,24344,11392.0,47144.0,13,7.0,44.0,80,200
Hospitalizations,2021-09-04,All,17.9,3.6,0.0,5.0,0.0,1059836,1462025.0,0.0,190,53.0,0.0,999,999
Deaths,2022-05-28,50-64,0.0,1.5,0.0,0.0,0.0,42974,132464.0,236190.0,0,2.0,0.0,50,64
Hospitalizations,2023-09-16,80+,12.3,61.5,44.6,0.2,0.3,24446,11380.0,47134.0,3,7.0,21.0,80,200
Cases,2021-05-22,30-49,144.8,8.2,0.0,17.7,0.0,324620,366867.0,0.0,470,30.0,0.0,30,49
Deaths,2022-02-19,18-29,0.0,0.0,0.0,0.0,0.0,103609,221200.0,133301.0,0,0.0,0.0,18,29
Deaths,2023-07-15,All,0.2,0.0,0.0,0.0,0.0,531292,860318.0,1040757.0,1,0.0,0.0,999,999
Hospitalizations,2023-04-22,80+,28.4,35.1,27.6,0.8,1.0,24605,11384.0,47127.0,7,4.0,13.0,80,200
Deaths,2022-05-07,80+,0.0,0.0,2.3,0.0,0.0,26811,13219.0,44353.0,0,0.0,1.0,80,200
Cases,2021-09-04,65-79,109.0,43.2,0.0,2.5,0.0,65150,194427.0,0.0,71,84.0,0.0,65,79
Cases,2023-08-12,50-64,80.1,26.2,40.1,3.1,2.0,32441,125727.0,246935.0,26,33.0,99.0,50,64
Deaths,2022-11-12,80+,0.0,17.6,4.2,0.0,0.0,25162,11369.0,47090.0,0,2.0,2.0,80,200
Cases,2021-09-18,30-49,250.0,79.3,0.0,3.2,0.0,227597,524734.0,0.0,569,416.0,0.0,30,49
Deaths,2021-06-26,50-64,1.8,0.3,0.0,6.0,0.0,111605,294901.0,0.0,2,1.0,0.0,50,64
Deaths,2021-09-25,18-29,0.6,0.0,0.0,0.0,0.0,178597,304724.0,0.0,1,0.0,0.0,18,29
Hospitalizations,2022-04-09,50-64,8.9,5.1,1.8,1.7,4.9,44900,137887.0,228401.0,4,7.0,4.0,50,64
Hospitalizations,2023-01-28,All,8.7,4.1,7.4,2.1,1.2,549564,855718.0,1040296.0,48,35.0,77.0,999,999
Deaths,2021-10-23,18-29,0.0,0.0,0.0,0.0,0.0,167788,313263.0,5594.0,0,0.0,0.0,18,29
Deaths,2021-11-13,65-79,8.7,5.5,1.8,1.6,4.8,57295,146087.0,56482.0,5,8.0,1.0,65,79
Cases,2023-09-30,18-29,51.0,17.7,19.8,2.9,2.6,72503,214130.0,161728.0,37,38.0,32.0,18,29
Deaths,2021-09-25,80+,19.4,1.9,0.0,10.2,0.0,30936,52848.0,0.0,6,1.0,0.0,80,200
Cases,2021-10-16,80+,33.0,40.0,0.0,0.8,0.0,30320,49996.0,0.0,10,20.0,0.0,80,200
